DEG id,Position,ASO seq,SH score,TM score,GC score,Gene name,GO_BP,GO_MF
DEG10050013,84,CCTCGAATACCATACATTTT,6,54.0,44.2529020719779,HI0030,-,-
DEG10050013,85,CCCTCGAATACCATACATTT,6,56.0,46.30290207197791,HI0030,-,-
DEG10050013,86,CCCCTCGAATACCATACATT,6,58.0,48.35290207197791,HI0030,-,-
DEG10050013,87,TCCCCTCGAATACCATACAT,6,58.0,48.35290207197791,HI0030,-,-
DEG10050013,88,ATCCCCTCGAATACCATACA,6,58.0,48.35290207197791,HI0030,-,-
DEG10050013,89,TATCCCCTCGAATACCATAC,6,58.0,48.35290207197791,HI0030,-,-
DEG10050013,96,GAAAGATTATCCCCTCGAAT,6,56.0,46.30290207197791,HI0030,-,-
DEG10050013,97,AGAAAGATTATCCCCTCGAA,6,56.0,46.30290207197791,HI0030,-,-
DEG10050016,72,CGTCCATCAGCTAAAATTAA,6,54.0,44.2529020719779,mreC,GO:0008360,-
DEG10050016,73,ACGTCCATCAGCTAAAATTA,6,54.0,44.2529020719779,mreC,GO:0008360,-
DEG10050016,75,TTACGTCCATCAGCTAAAAT,6,54.0,44.2529020719779,mreC,GO:0008360,-
DEG10050016,79,GCTATTACGTCCATCAGCTA,6,58.0,48.35290207197791,mreC,GO:0008360,-
DEG10050016,82,TGAGCTATTACGTCCATCAG,6,58.0,48.35290207197791,mreC,GO:0008360,-
DEG10050016,84,ATTGAGCTATTACGTCCATC,6,56.0,46.30290207197791,mreC,GO:0008360,-
DEG10050016,93,GCTTTCGTTATTGAGCTATT,6,54.0,44.2529020719779,mreC,GO:0008360,-
DEG10050016,94,TGCTTTCGTTATTGAGCTAT,6,54.0,44.2529020719779,mreC,GO:0008360,-
DEG10050016,95,GTGCTTTCGTTATTGAGCTA,6,56.0,46.30290207197791,mreC,GO:0008360,-
DEG10050016,96,CGTGCTTTCGTTATTGAGCT,6,58.0,48.35290207197791,mreC,GO:0008360,-
DEG10050016,97,ACGTGCTTTCGTTATTGAGC,6,58.0,48.35290207197791,mreC,GO:0008360,-
DEG10050016,98,TACGTGCTTTCGTTATTGAG,6,56.0,46.30290207197791,mreC,GO:0008360,-
DEG10050016,99,CTACGTGCTTTCGTTATTGA,4,56.0,46.30290207197791,mreC,GO:0008360,-
DEG10050016,100,ACTACGTGCTTTCGTTATTG,4,56.0,46.30290207197791,mreC,GO:0008360,-
DEG10050022,47,AATTGTGTGCCCAAGTTGAA,6,56.0,46.30290207197791,HI0045,-,-
DEG10050022,74,CCGATGGTAAAGATTGTTCT,6,56.0,46.30290207197791,HI0045,-,-
DEG10050022,75,ACCGATGGTAAAGATTGTTC,6,56.0,46.30290207197791,HI0045,-,-
DEG10050022,79,TTTGACCGATGGTAAAGATT,6,54.0,44.2529020719779,HI0045,-,-
DEG10050022,88,CTCACTCACTTTGACCGATG,6,60.0,50.402902071977906,HI0045,-,-
DEG10050022,92,CATACTCACTCACTTTGACC,6,58.0,48.35290207197791,HI0045,-,-
DEG10050022,93,CCATACTCACTCACTTTGAC,6,58.0,48.35290207197791,HI0045,-,-
DEG10050022,97,TTCACCATACTCACTCACTT,6,56.0,46.30290207197791,HI0045,-,-
DEG10050022,98,TTTCACCATACTCACTCACT,6,56.0,46.30290207197791,HI0045,-,-
DEG10050022,99,ATTTCACCATACTCACTCAC,4,56.0,46.30290207197791,HI0045,-,-
DEG10050022,100,AATTTCACCATACTCACTCA,6,54.0,44.2529020719779,HI0045,-,-
DEG10050033,83,GATTATCGTAGAGATCATTG,6,54.0,44.2529020719779,HI0077,-,-
DEG10050039,34,AGCCTGAGAAAAAGTGACTT,6,56.0,46.30290207197791,thrC,GO:0009088,GO:0030170;GO:0004795
DEG10050039,35,CAGCCTGAGAAAAAGTGACT,6,58.0,48.35290207197791,thrC,GO:0009088,GO:0030170;GO:0004795
DEG10050039,36,ACAGCCTGAGAAAAAGTGAC,4,58.0,48.35290207197791,thrC,GO:0009088,GO:0030170;GO:0004795
DEG10050039,37,AACAGCCTGAGAAAAAGTGA,6,56.0,46.30290207197791,thrC,GO:0009088,GO:0030170;GO:0004795
DEG10050039,38,GAACAGCCTGAGAAAAAGTG,6,58.0,48.35290207197791,thrC,GO:0009088,GO:0030170;GO:0004795
DEG10050039,39,CGAACAGCCTGAGAAAAAGT,6,58.0,48.35290207197791,thrC,GO:0009088,GO:0030170;GO:0004795
DEG10050039,40,ACGAACAGCCTGAGAAAAAG,4,58.0,48.35290207197791,thrC,GO:0009088,GO:0030170;GO:0004795
DEG10050039,41,GACGAACAGCCTGAGAAAAA,4,58.0,48.35290207197791,thrC,GO:0009088,GO:0030170;GO:0004795
DEG10050039,42,TGACGAACAGCCTGAGAAAA,6,58.0,48.35290207197791,thrC,GO:0009088,GO:0030170;GO:0004795
DEG10050039,43,TTGACGAACAGCCTGAGAAA,6,58.0,48.35290207197791,thrC,GO:0009088,GO:0030170;GO:0004795
DEG10050039,45,CCTTGACGAACAGCCTGAGA,6,62.0,52.4529020719779,thrC,GO:0009088,GO:0030170;GO:0004795
DEG10050039,46,ACCTTGACGAACAGCCTGAG,6,62.0,52.4529020719779,thrC,GO:0009088,GO:0030170;GO:0004795
DEG10050039,47,GACCTTGACGAACAGCCTGA,6,62.0,52.4529020719779,thrC,GO:0009088,GO:0030170;GO:0004795
DEG10050039,48,AGACCTTGACGAACAGCCTG,6,62.0,52.4529020719779,thrC,GO:0009088,GO:0030170;GO:0004795
DEG10050039,88,AGGAATAACTTCTGGAAAGA,6,54.0,44.2529020719779,thrC,GO:0009088,GO:0030170;GO:0004795
DEG10050039,89,GAGGAATAACTTCTGGAAAG,6,56.0,46.30290207197791,thrC,GO:0009088,GO:0030170;GO:0004795
DEG10050039,90,TGAGGAATAACTTCTGGAAA,6,54.0,44.2529020719779,thrC,GO:0009088,GO:0030170;GO:0004795
DEG10050045,0,TGACTATCCGCTAAATCCAC,6,58.0,48.35290207197791,HI0096,-,-
DEG10050045,63,TATTCAAGCAAACGAACGTT,6,54.0,44.2529020719779,HI0096,-,-
DEG10050045,65,AATATTCAAGCAAACGAACG,6,54.0,44.2529020719779,HI0096,-,-
DEG10050047,54,ATATCGTGCAGAACTTGTTG,6,56.0,46.30290207197791,hitC,GO:0055072,GO:0005524;GO:0015408
DEG10050047,59,ATGAAATATCGTGCAGAACT,6,54.0,44.2529020719779,hitC,GO:0055072,GO:0005524;GO:0015408
DEG10050047,60,AATGAAATATCGTGCAGAAC,6,54.0,44.2529020719779,hitC,GO:0055072,GO:0005524;GO:0015408
DEG10050047,68,GTAAGCTGAATGAAATATCG,6,54.0,44.2529020719779,hitC,GO:0055072,GO:0005524;GO:0015408
DEG10050060,38,CCGCTTTACCAAATGCTTTT,6,56.0,46.30290207197791,afuC/fbpC,GO:0055072,GO:0005524;GO:0015408
DEG10050060,43,GACGACCGCTTTACCAAATG,6,60.0,50.402902071977906,afuC/fbpC,GO:0055072,GO:0005524;GO:0015408
DEG10050060,44,TGACGACCGCTTTACCAAAT,6,58.0,48.35290207197791,afuC/fbpC,GO:0055072,GO:0005524;GO:0015408
DEG10050060,45,ATGACGACCGCTTTACCAAA,6,58.0,48.35290207197791,afuC/fbpC,GO:0055072,GO:0005524;GO:0015408
DEG10050060,46,AATGACGACCGCTTTACCAA,6,58.0,48.35290207197791,afuC/fbpC,GO:0055072,GO:0005524;GO:0015408
DEG10050060,47,CAATGACGACCGCTTTACCA,6,60.0,50.402902071977906,afuC/fbpC,GO:0055072,GO:0005524;GO:0015408
DEG10050060,48,TCAATGACGACCGCTTTACC,6,60.0,50.402902071977906,afuC/fbpC,GO:0055072,GO:0005524;GO:0015408
DEG10050060,52,ATTATCAATGACGACCGCTT,6,56.0,46.30290207197791,afuC/fbpC,GO:0055072,GO:0005524;GO:0015408
DEG10050060,53,AATTATCAATGACGACCGCT,6,56.0,46.30290207197791,afuC/fbpC,GO:0055072,GO:0005524;GO:0015408
DEG10050060,54,AAATTATCAATGACGACCGC,4,56.0,46.30290207197791,afuC/fbpC,GO:0055072,GO:0005524;GO:0015408
DEG10050060,82,CATTGTGCCACGTTTGATCG,6,60.0,50.402902071977906,afuC/fbpC,GO:0055072,GO:0005524;GO:0015408
DEG10050060,83,CCATTGTGCCACGTTTGATC,6,60.0,50.402902071977906,afuC/fbpC,GO:0055072,GO:0005524;GO:0015408
DEG10050060,84,ACCATTGTGCCACGTTTGAT,6,58.0,48.35290207197791,afuC/fbpC,GO:0055072,GO:0005524;GO:0015408
DEG10050061,44,AAGCACCATACACAATTACA,4,54.0,44.2529020719779,afuB,GO:0006811;GO:0055072,-
DEG10050061,45,AAAGCACCATACACAATTAC,4,54.0,44.2529020719779,afuB,GO:0006811;GO:0055072,-
DEG10050062,16,GGTAGAAACAGAAAGAGAAA,2,54.0,44.2529020719779,afuA,-,-
DEG10050062,17,CGGTAGAAACAGAAAGAGAA,2,56.0,46.30290207197791,afuA,-,-
DEG10050062,18,GCGGTAGAAACAGAAAGAGA,4,58.0,48.35290207197791,afuA,-,-
DEG10050062,19,TGCGGTAGAAACAGAAAGAG,4,58.0,48.35290207197791,afuA,-,-
DEG10050062,20,GTGCGGTAGAAACAGAAAGA,4,58.0,48.35290207197791,afuA,-,-
DEG10050062,24,AAAAGTGCGGTAGAAACAGA,6,56.0,46.30290207197791,afuA,-,-
DEG10050062,25,TAAAAGTGCGGTAGAAACAG,6,56.0,46.30290207197791,afuA,-,-
DEG10050062,26,CTAAAAGTGCGGTAGAAACA,6,56.0,46.30290207197791,afuA,-,-
DEG10050062,28,AGCTAAAAGTGCGGTAGAAA,6,56.0,46.30290207197791,afuA,-,-
DEG10050062,29,CAGCTAAAAGTGCGGTAGAA,6,58.0,48.35290207197791,afuA,-,-
DEG10050062,30,GCAGCTAAAAGTGCGGTAGA,6,60.0,50.402902071977906,afuA,-,-
DEG10050062,31,AGCAGCTAAAAGTGCGGTAG,6,60.0,50.402902071977906,afuA,-,-
DEG10050062,84,CAATATACAACTAAACGACC,4,54.0,44.2529020719779,afuA,-,-
DEG10050062,96,TTGGTTGCACTACAATATAC,6,54.0,44.2529020719779,afuA,-,-
DEG10050071,12,GCAAGCAAAATTAACAGCAA,4,54.0,44.2529020719779,HI0149,-,-
DEG10050071,15,CAAGCAAGCAAAATTAACAG,6,54.0,44.2529020719779,HI0149,-,-
DEG10050071,16,CCAAGCAAGCAAAATTAACA,6,54.0,44.2529020719779,HI0149,-,-
DEG10050071,17,TCCAAGCAAGCAAAATTAAC,6,54.0,44.2529020719779,HI0149,-,-
DEG10050071,18,GTCCAAGCAAGCAAAATTAA,6,54.0,44.2529020719779,HI0149,-,-
DEG10050071,19,CGTCCAAGCAAGCAAAATTA,6,56.0,46.30290207197791,HI0149,-,-
DEG10050071,20,GCGTCCAAGCAAGCAAAATT,6,58.0,48.35290207197791,HI0149,-,-
DEG10050071,22,AAGCGTCCAAGCAAGCAAAA,6,58.0,48.35290207197791,HI0149,-,-
DEG10050071,27,AACCAAAGCGTCCAAGCAAG,6,60.0,50.402902071977906,HI0149,-,-
DEG10050071,28,TAACCAAAGCGTCCAAGCAA,6,58.0,48.35290207197791,HI0149,-,-
DEG10050071,29,CTAACCAAAGCGTCCAAGCA,6,60.0,50.402902071977906,HI0149,-,-
DEG10050071,30,CCTAACCAAAGCGTCCAAGC,4,62.0,52.4529020719779,HI0149,-,-
DEG10050071,31,ACCTAACCAAAGCGTCCAAG,6,60.0,50.402902071977906,HI0149,-,-
DEG10050071,32,TACCTAACCAAAGCGTCCAA,4,58.0,48.35290207197791,HI0149,-,-
DEG10050071,33,TTACCTAACCAAAGCGTCCA,4,58.0,48.35290207197791,HI0149,-,-
DEG10050071,34,ATTACCTAACCAAAGCGTCC,4,58.0,48.35290207197791,HI0149,-,-
DEG10050071,35,TATTACCTAACCAAAGCGTC,4,56.0,46.30290207197791,HI0149,-,-
DEG10050071,36,CTATTACCTAACCAAAGCGT,4,56.0,46.30290207197791,HI0149,-,-
DEG10050071,38,AACTATTACCTAACCAAAGC,6,54.0,44.2529020719779,HI0149,-,-
DEG10050071,41,CCAAACTATTACCTAACCAA,6,54.0,44.2529020719779,HI0149,-,-
DEG10050071,42,GCCAAACTATTACCTAACCA,6,56.0,46.30290207197791,HI0149,-,-
DEG10050071,44,AAGCCAAACTATTACCTAAC,6,54.0,44.2529020719779,HI0149,-,-
DEG10050071,48,AACCAAGCCAAACTATTACC,6,56.0,46.30290207197791,HI0149,-,-
DEG10050071,49,TAACCAAGCCAAACTATTAC,6,54.0,44.2529020719779,HI0149,-,-
DEG10050071,50,CTAACCAAGCCAAACTATTA,6,54.0,44.2529020719779,HI0149,-,-
DEG10050071,51,CCTAACCAAGCCAAACTATT,6,56.0,46.30290207197791,HI0149,-,-
DEG10050071,52,GCCTAACCAAGCCAAACTAT,6,58.0,48.35290207197791,HI0149,-,-
DEG10050071,53,CGCCTAACCAAGCCAAACTA,6,60.0,50.402902071977906,HI0149,-,-
DEG10050071,54,ACGCCTAACCAAGCCAAACT,6,60.0,50.402902071977906,HI0149,-,-
DEG10050071,55,TACGCCTAACCAAGCCAAAC,6,60.0,50.402902071977906,HI0149,-,-
DEG10050071,58,AATTACGCCTAACCAAGCCA,6,58.0,48.35290207197791,HI0149,-,-
DEG10050071,59,TAATTACGCCTAACCAAGCC,6,58.0,48.35290207197791,HI0149,-,-
DEG10050071,60,ATAATTACGCCTAACCAAGC,6,56.0,46.30290207197791,HI0149,-,-
DEG10050072,50,TCAGTTCATCGGGTAAGGAT,6,58.0,48.35290207197791,HI0152,GO:0009059,GO:0008897;GO:0000287
DEG10050072,52,AATCAGTTCATCGGGTAAGG,6,58.0,48.35290207197791,HI0152,GO:0009059,GO:0008897;GO:0000287
DEG10050072,53,GAATCAGTTCATCGGGTAAG,6,58.0,48.35290207197791,HI0152,GO:0009059,GO:0008897;GO:0000287
DEG10050072,58,TTCTGGAATCAGTTCATCGG,6,58.0,48.35290207197791,HI0152,GO:0009059,GO:0008897;GO:0000287
DEG10050087,0,GATTCATCCACATTACTCAT,6,54.0,44.2529020719779,tatC,GO:0043953,GO:0008320
DEG10050087,41,AACGGTTTCTTAGTTCAACA,6,54.0,44.2529020719779,tatC,GO:0043953,GO:0008320
DEG10050087,42,AAACGGTTTCTTAGTTCAAC,6,54.0,44.2529020719779,tatC,GO:0043953,GO:0008320
DEG10050087,57,ATCACACAGCGTAATAAACG,6,56.0,46.30290207197791,tatC,GO:0043953,GO:0008320
DEG10050087,58,AATCACACAGCGTAATAAAC,6,54.0,44.2529020719779,tatC,GO:0043953,GO:0008320
DEG10050087,65,CTACACAAATCACACAGCGT,6,58.0,48.35290207197791,tatC,GO:0043953,GO:0008320
DEG10050087,66,ACTACACAAATCACACAGCG,4,58.0,48.35290207197791,tatC,GO:0043953,GO:0008320
DEG10050087,67,CACTACACAAATCACACAGC,6,58.0,48.35290207197791,tatC,GO:0043953,GO:0008320
DEG10050087,68,ACACTACACAAATCACACAG,6,56.0,46.30290207197791,tatC,GO:0043953,GO:0008320
DEG10050087,69,AACACTACACAAATCACACA,4,54.0,44.2529020719779,tatC,GO:0043953,GO:0008320
DEG10050087,70,CAACACTACACAAATCACAC,2,56.0,46.30290207197791,tatC,GO:0043953,GO:0008320
DEG10050087,71,CCAACACTACACAAATCACA,4,56.0,46.30290207197791,tatC,GO:0043953,GO:0008320
DEG10050087,72,ACCAACACTACACAAATCAC,4,56.0,46.30290207197791,tatC,GO:0043953,GO:0008320
DEG10050087,73,AACCAACACTACACAAATCA,4,54.0,44.2529020719779,tatC,GO:0043953,GO:0008320
DEG10050087,74,AAACCAACACTACACAAATC,4,54.0,44.2529020719779,tatC,GO:0043953,GO:0008320
DEG10050087,77,CAAAAACCAACACTACACAA,2,54.0,44.2529020719779,tatC,GO:0043953,GO:0008320
DEG10050087,78,ACAAAAACCAACACTACACA,2,54.0,44.2529020719779,tatC,GO:0043953,GO:0008320
DEG10050087,79,AACAAAAACCAACACTACAC,2,54.0,44.2529020719779,tatC,GO:0043953,GO:0008320
DEG10050087,80,CAACAAAAACCAACACTACA,2,54.0,44.2529020719779,tatC,GO:0043953,GO:0008320
DEG10050087,81,GCAACAAAAACCAACACTAC,4,56.0,46.30290207197791,tatC,GO:0043953,GO:0008320
DEG10050087,82,AGCAACAAAAACCAACACTA,2,54.0,44.2529020719779,tatC,GO:0043953,GO:0008320
DEG10050089,33,GTTTGGCTCGCAATATATTG,6,56.0,46.30290207197791,seqA,GO:0032297;GO:0006355,GO:0003677
DEG10050089,34,GGTTTGGCTCGCAATATATT,6,56.0,46.30290207197791,seqA,GO:0032297;GO:0006355,GO:0003677
DEG10050091,12,GGTTGAATAGCAAAATCTTG,6,54.0,44.2529020719779,menE,GO:0009234,GO:0005524;GO:0008756
DEG10050091,19,GAAATCAGGTTGAATAGCAA,6,54.0,44.2529020719779,menE,GO:0009234,GO:0005524;GO:0008756
DEG10050091,20,AGAAATCAGGTTGAATAGCA,6,54.0,44.2529020719779,menE,GO:0009234,GO:0005524;GO:0008756
DEG10050091,25,ATCTGAGAAATCAGGTTGAA,6,54.0,44.2529020719779,menE,GO:0009234,GO:0005524;GO:0008756
DEG10050091,26,TATCTGAGAAATCAGGTTGA,6,54.0,44.2529020719779,menE,GO:0009234,GO:0005524;GO:0008756
DEG10050091,67,CCAAGTAAGCATATCGCCCT,6,60.0,50.402902071977906,menE,GO:0009234,GO:0005524;GO:0008756
DEG10050091,68,TCCAAGTAAGCATATCGCCC,6,60.0,50.402902071977906,menE,GO:0009234,GO:0005524;GO:0008756
DEG10050091,69,ATCCAAGTAAGCATATCGCC,6,58.0,48.35290207197791,menE,GO:0009234,GO:0005524;GO:0008756
DEG10050091,70,TATCCAAGTAAGCATATCGC,6,56.0,46.30290207197791,menE,GO:0009234,GO:0005524;GO:0008756
DEG10050091,77,TCAATTCTATCCAAGTAAGC,6,54.0,44.2529020719779,menE,GO:0009234,GO:0005524;GO:0008756
DEG10050091,82,TGTAGTCAATTCTATCCAAG,6,54.0,44.2529020719779,menE,GO:0009234,GO:0005524;GO:0008756
DEG10050093,5,CTAAAAGATCAATGCCGATA,6,54.0,44.2529020719779,HI0198,-,-
DEG10050093,6,GCTAAAAGATCAATGCCGAT,6,56.0,46.30290207197791,HI0198,-,-
DEG10050093,8,TTGCTAAAAGATCAATGCCG,6,56.0,46.30290207197791,HI0198,-,-
DEG10050093,9,ATTGCTAAAAGATCAATGCC,6,54.0,44.2529020719779,HI0198,-,-
DEG10050097,30,CCAATAAATGATGCTAATCC,6,54.0,44.2529020719779,HI0205,-,-
DEG10050097,53,TAGCTATTACACCTTGTTGA,6,54.0,44.2529020719779,HI0205,-,-
DEG10050097,54,TTAGCTATTACACCTTGTTG,6,54.0,44.2529020719779,HI0205,-,-
DEG10050097,66,TGAGAAGACGGATTAGCTAT,6,56.0,46.30290207197791,HI0205,-,-
DEG10050097,72,GATTGATGAGAAGACGGATT,6,56.0,46.30290207197791,HI0205,-,-
DEG10050097,73,TGATTGATGAGAAGACGGAT,6,56.0,46.30290207197791,HI0205,-,-
DEG10050097,74,TTGATTGATGAGAAGACGGA,6,56.0,46.30290207197791,HI0205,-,-
DEG10050097,75,ATTGATTGATGAGAAGACGG,6,56.0,46.30290207197791,HI0205,-,-
DEG10050097,76,TATTGATTGATGAGAAGACG,6,54.0,44.2529020719779,HI0205,-,-
DEG10050097,81,GTGGATATTGATTGATGAGA,6,54.0,44.2529020719779,HI0205,-,-
DEG10050097,82,AGTGGATATTGATTGATGAG,6,54.0,44.2529020719779,HI0205,-,-
DEG10050097,83,CAGTGGATATTGATTGATGA,6,54.0,44.2529020719779,HI0205,-,-
DEG10050097,84,TCAGTGGATATTGATTGATG,6,54.0,44.2529020719779,HI0205,-,-
DEG10050105,7,AGTGACTACTTTCATCTTGA,6,54.0,44.2529020719779,HI0223,-,GO:0005215
DEG10050105,8,GAGTGACTACTTTCATCTTG,6,56.0,46.30290207197791,HI0223,-,GO:0005215
DEG10050105,9,TGAGTGACTACTTTCATCTT,6,54.0,44.2529020719779,HI0223,-,GO:0005215
DEG10050105,10,TTGAGTGACTACTTTCATCT,6,54.0,44.2529020719779,HI0223,-,GO:0005215
DEG10050105,15,ATGCCTTGAGTGACTACTTT,6,56.0,46.30290207197791,HI0223,-,GO:0005215
DEG10050105,17,ATATGCCTTGAGTGACTACT,6,56.0,46.30290207197791,HI0223,-,GO:0005215
DEG10050105,20,ATAATATGCCTTGAGTGACT,6,54.0,44.2529020719779,HI0223,-,GO:0005215
DEG10050105,21,AATAATATGCCTTGAGTGAC,6,54.0,44.2529020719779,HI0223,-,GO:0005215
DEG10050105,22,CAATAATATGCCTTGAGTGA,6,54.0,44.2529020719779,HI0223,-,GO:0005215
DEG10050105,24,CACAATAATATGCCTTGAGT,6,54.0,44.2529020719779,HI0223,-,GO:0005215
DEG10050105,26,TGCACAATAATATGCCTTGA,6,54.0,44.2529020719779,HI0223,-,GO:0005215
DEG10050105,27,ATGCACAATAATATGCCTTG,6,54.0,44.2529020719779,HI0223,-,GO:0005215
DEG10050108,0,GAACGTTTTGTTTGCTGCAT,4,56.0,46.30290207197791,tonB,GO:0009405;GO:0015031,GO:0031992;GO:0015343
DEG10050108,1,CGAACGTTTTGTTTGCTGCA,4,58.0,48.35290207197791,tonB,GO:0009405;GO:0015031,GO:0031992;GO:0015343
DEG10050108,2,GCGAACGTTTTGTTTGCTGC,4,60.0,50.402902071977906,tonB,GO:0009405;GO:0015031,GO:0031992;GO:0015343
DEG10050108,3,AGCGAACGTTTTGTTTGCTG,4,58.0,48.35290207197791,tonB,GO:0009405;GO:0015031,GO:0031992;GO:0015343
DEG10050108,34,GTGTGCGATCAAAGAAATAA,6,54.0,44.2529020719779,tonB,GO:0009405;GO:0015031,GO:0031992;GO:0015343
DEG10050108,35,CGTGTGCGATCAAAGAAATA,6,56.0,46.30290207197791,tonB,GO:0009405;GO:0015031,GO:0031992;GO:0015343
DEG10050108,41,CAATACCGTGTGCGATCAAA,6,58.0,48.35290207197791,tonB,GO:0009405;GO:0015031,GO:0031992;GO:0015343
DEG10050108,42,ACAATACCGTGTGCGATCAA,6,58.0,48.35290207197791,tonB,GO:0009405;GO:0015031,GO:0031992;GO:0015343
DEG10050108,43,AACAATACCGTGTGCGATCA,6,58.0,48.35290207197791,tonB,GO:0009405;GO:0015031,GO:0031992;GO:0015343
DEG10050108,44,TAACAATACCGTGTGCGATC,6,58.0,48.35290207197791,tonB,GO:0009405;GO:0015031,GO:0031992;GO:0015343
DEG10050108,48,CCTATAACAATACCGTGTGC,6,58.0,48.35290207197791,tonB,GO:0009405;GO:0015031,GO:0031992;GO:0015343
DEG10050108,49,TCCTATAACAATACCGTGTG,6,56.0,46.30290207197791,tonB,GO:0009405;GO:0015031,GO:0031992;GO:0015343
DEG10050108,99,TGTGCACTATTTGCGCTATC,6,58.0,48.35290207197791,tonB,GO:0009405;GO:0015031,GO:0031992;GO:0015343
DEG10050109,71,CTAAACAGGAAAAATCGACT,6,54.0,44.2529020719779,dapA,GO:0019877;GO:0009089,GO:0008840;GO:0016843
DEG10050109,72,TCTAAACAGGAAAAATCGAC,4,54.0,44.2529020719779,dapA,GO:0019877;GO:0009089,GO:0008840;GO:0016843
DEG10050109,96,TCAATGTGGTGTTCTACTAA,6,54.0,44.2529020719779,dapA,GO:0019877;GO:0009089,GO:0008840;GO:0016843
DEG10050109,97,TTCAATGTGGTGTTCTACTA,6,54.0,44.2529020719779,dapA,GO:0019877;GO:0009089,GO:0008840;GO:0016843
DEG10050117,0,TAAATTCTTGGTATGCGCAT,6,54.0,44.2529020719779,HI0303,GO:0006364,GO:0008168
DEG10050117,1,ATAAATTCTTGGTATGCGCA,6,54.0,44.2529020719779,HI0303,GO:0006364,GO:0008168
DEG10050117,2,GATAAATTCTTGGTATGCGC,6,56.0,46.30290207197791,HI0303,GO:0006364,GO:0008168
DEG10050117,3,TGATAAATTCTTGGTATGCG,6,54.0,44.2529020719779,HI0303,GO:0006364,GO:0008168
DEG10050117,84,GTCATTCTTAACACTCGAGC,6,58.0,48.35290207197791,HI0303,GO:0006364,GO:0008168
DEG10050126,40,TTGCCAGATCATCAACAACA,6,56.0,46.30290207197791,HI0355,GO:0006810,-
DEG10050126,86,GTGAGGGAAAAATGTAGTGT,6,56.0,46.30290207197791,HI0355,GO:0006810,-
DEG10050126,87,GGTGAGGGAAAAATGTAGTG,4,58.0,48.35290207197791,HI0355,GO:0006810,-
DEG10050127,11,CCGCACTTAGTTGTTTACTT,6,56.0,46.30290207197791,HI0366,-,-
DEG10050127,12,ACCGCACTTAGTTGTTTACT,6,56.0,46.30290207197791,HI0366,-,-
DEG10050127,13,AACCGCACTTAGTTGTTTAC,6,56.0,46.30290207197791,HI0366,-,-
DEG10050127,26,TGAAAGGGAAAATAACCGCA,6,56.0,46.30290207197791,HI0366,-,-
DEG10050127,27,ATGAAAGGGAAAATAACCGC,6,56.0,46.30290207197791,HI0366,-,-
DEG10050127,28,AATGAAAGGGAAAATAACCG,6,54.0,44.2529020719779,HI0366,-,-
DEG10050127,36,GCAGAAAAAATGAAAGGGAA,2,54.0,44.2529020719779,HI0366,-,-
DEG10050127,37,GGCAGAAAAAATGAAAGGGA,4,56.0,46.30290207197791,HI0366,-,-
DEG10050127,38,AGGCAGAAAAAATGAAAGGG,4,56.0,46.30290207197791,HI0366,-,-
DEG10050127,39,CAGGCAGAAAAAATGAAAGG,4,56.0,46.30290207197791,HI0366,-,-
DEG10050127,40,GCAGGCAGAAAAAATGAAAG,6,56.0,46.30290207197791,HI0366,-,-
DEG10050127,41,CGCAGGCAGAAAAAATGAAA,4,56.0,46.30290207197791,HI0366,-,-
DEG10050127,42,ACGCAGGCAGAAAAAATGAA,4,56.0,46.30290207197791,HI0366,-,-
DEG10050127,43,AACGCAGGCAGAAAAAATGA,4,56.0,46.30290207197791,HI0366,-,-
DEG10050127,44,AAACGCAGGCAGAAAAAATG,4,56.0,46.30290207197791,HI0366,-,-
DEG10050127,45,GAAACGCAGGCAGAAAAAAT,4,56.0,46.30290207197791,HI0366,-,-
DEG10050127,46,TGAAACGCAGGCAGAAAAAA,4,56.0,46.30290207197791,HI0366,-,-
DEG10050127,47,GTGAAACGCAGGCAGAAAAA,6,58.0,48.35290207197791,HI0366,-,-
DEG10050127,48,TGTGAAACGCAGGCAGAAAA,6,58.0,48.35290207197791,HI0366,-,-
DEG10050127,49,TTGTGAAACGCAGGCAGAAA,6,58.0,48.35290207197791,HI0366,-,-
DEG10050127,51,GATTGTGAAACGCAGGCAGA,6,60.0,50.402902071977906,HI0366,-,-
DEG10050127,52,AGATTGTGAAACGCAGGCAG,4,60.0,50.402902071977906,HI0366,-,-
DEG10050127,58,AGATGCAGATTGTGAAACGC,6,58.0,48.35290207197791,HI0366,-,-
DEG10050128,0,TGCTCAGTAGTTGGATTCAT,6,56.0,46.30290207197791,HI0367,-,GO:0003677
DEG10050128,1,TTGCTCAGTAGTTGGATTCA,6,56.0,46.30290207197791,HI0367,-,GO:0003677
DEG10050128,2,CTTGCTCAGTAGTTGGATTC,6,58.0,48.35290207197791,HI0367,-,GO:0003677
DEG10050128,3,ACTTGCTCAGTAGTTGGATT,6,56.0,46.30290207197791,HI0367,-,GO:0003677
DEG10050128,4,CACTTGCTCAGTAGTTGGAT,6,58.0,48.35290207197791,HI0367,-,GO:0003677
DEG10050128,5,GCACTTGCTCAGTAGTTGGA,6,60.0,50.402902071977906,HI0367,-,GO:0003677
DEG10050128,10,GGAAAGCACTTGCTCAGTAG,6,60.0,50.402902071977906,HI0367,-,GO:0003677
DEG10050128,19,CTCACCAGGGGAAAGCACTT,6,62.0,52.4529020719779,HI0367,-,GO:0003677
DEG10050128,20,TCTCACCAGGGGAAAGCACT,6,62.0,52.4529020719779,HI0367,-,GO:0003677
DEG10050128,21,ATCTCACCAGGGGAAAGCAC,4,62.0,52.4529020719779,HI0367,-,GO:0003677
DEG10050128,28,ACGAAAAATCTCACCAGGGG,4,60.0,50.402902071977906,HI0367,-,GO:0003677
DEG10050128,29,GACGAAAAATCTCACCAGGG,4,60.0,50.402902071977906,HI0367,-,GO:0003677
DEG10050128,30,TGACGAAAAATCTCACCAGG,6,58.0,48.35290207197791,HI0367,-,GO:0003677
DEG10050128,35,GTGTTTGACGAAAAATCTCA,6,54.0,44.2529020719779,HI0367,-,GO:0003677
DEG10050128,79,GATTTCTTTAGCGACATCTT,6,54.0,44.2529020719779,HI0367,-,GO:0003677
DEG10050128,84,AGCGTGATTTCTTTAGCGAC,6,58.0,48.35290207197791,HI0367,-,GO:0003677
DEG10050128,86,GTAGCGTGATTTCTTTAGCG,6,58.0,48.35290207197791,HI0367,-,GO:0003677
DEG10050134,78,ATGCCTTGAATCTGCTTGCT,6,58.0,48.35290207197791,HI0391,-,-
DEG10050134,79,AATGCCTTGAATCTGCTTGC,6,58.0,48.35290207197791,HI0391,-,-
DEG10050134,80,TAATGCCTTGAATCTGCTTG,6,56.0,46.30290207197791,HI0391,-,-
DEG10050134,81,GTAATGCCTTGAATCTGCTT,6,56.0,46.30290207197791,HI0391,-,-
DEG10050134,82,TGTAATGCCTTGAATCTGCT,6,56.0,46.30290207197791,HI0391,-,-
DEG10050134,83,CTGTAATGCCTTGAATCTGC,6,58.0,48.35290207197791,HI0391,-,-
DEG10050134,84,ACTGTAATGCCTTGAATCTG,6,56.0,46.30290207197791,HI0391,-,-
DEG10050144,32,TTTGCGTATTCATCACTTGC,6,56.0,46.30290207197791,HI0418,-,GO:0022857
DEG10050144,33,TTTTGCGTATTCATCACTTG,6,54.0,44.2529020719779,HI0418,-,GO:0022857
DEG10050146,54,GTTTTATCGAAAGGATCTTG,6,54.0,44.2529020719779,comD,GO:0030420,-
DEG10050148,0,GGCAATAAATTCATCGACAT,6,54.0,44.2529020719779,comB,GO:0030420,-
DEG10050148,33,CGTAAACGCTTTTGATGTTG,6,56.0,46.30290207197791,comB,GO:0030420,-
DEG10050148,34,ACGTAAACGCTTTTGATGTT,6,54.0,44.2529020719779,comB,GO:0030420,-
DEG10050149,65,CATCAAACCACACAAAATCA,4,54.0,44.2529020719779,comA,GO:0030420,-
DEG10050149,66,TCATCAAACCACACAAAATC,4,54.0,44.2529020719779,comA,GO:0030420,-
DEG10050149,68,GATCATCAAACCACACAAAA,4,54.0,44.2529020719779,comA,GO:0030420,-
DEG10050149,69,AGATCATCAAACCACACAAA,4,54.0,44.2529020719779,comA,GO:0030420,-
DEG10050149,70,GAGATCATCAAACCACACAA,4,56.0,46.30290207197791,comA,GO:0030420,-
DEG10050149,71,CGAGATCATCAAACCACACA,6,58.0,48.35290207197791,comA,GO:0030420,-
DEG10050149,72,TCGAGATCATCAAACCACAC,6,58.0,48.35290207197791,comA,GO:0030420,-
DEG10050149,74,GTTCGAGATCATCAAACCAC,6,58.0,48.35290207197791,comA,GO:0030420,-
DEG10050149,75,TGTTCGAGATCATCAAACCA,6,56.0,46.30290207197791,comA,GO:0030420,-
DEG10050149,84,CTTTGTGGCTGTTCGAGATC,6,60.0,50.402902071977906,comA,GO:0030420,-
DEG10050149,85,ACTTTGTGGCTGTTCGAGAT,6,58.0,48.35290207197791,comA,GO:0030420,-
DEG10050149,86,AACTTTGTGGCTGTTCGAGA,6,58.0,48.35290207197791,comA,GO:0030420,-
DEG10050149,87,TAACTTTGTGGCTGTTCGAG,4,58.0,48.35290207197791,comA,GO:0030420,-
DEG10050149,88,ATAACTTTGTGGCTGTTCGA,4,56.0,46.30290207197791,comA,GO:0030420,-
DEG10050149,89,GATAACTTTGTGGCTGTTCG,6,58.0,48.35290207197791,comA,GO:0030420,-
DEG10050187,11,GAGATGTGCGAAATAAAAAG,4,54.0,44.2529020719779,HI0576.1,-,-
DEG10050187,12,GGAGATGTGCGAAATAAAAA,4,54.0,44.2529020719779,HI0576.1,-,-
DEG10050187,13,TGGAGATGTGCGAAATAAAA,6,54.0,44.2529020719779,HI0576.1,-,-
DEG10050187,14,GTGGAGATGTGCGAAATAAA,6,56.0,46.30290207197791,HI0576.1,-,-
DEG10050187,15,TGTGGAGATGTGCGAAATAA,6,56.0,46.30290207197791,HI0576.1,-,-
DEG10050187,16,ATGTGGAGATGTGCGAAATA,6,56.0,46.30290207197791,HI0576.1,-,-
DEG10050193,58,ACCTTGTAATGCACGCTCAA,6,58.0,48.35290207197791,cyaA,GO:0030420,GO:0004016;GO:0005524
DEG10050193,59,AACCTTGTAATGCACGCTCA,6,58.0,48.35290207197791,cyaA,GO:0030420,GO:0004016;GO:0005524
DEG10050200,13,GATTTTTCCTTGTTGAGCTA,6,54.0,44.2529020719779,glpG,-,GO:0004252
DEG10050200,14,TGATTTTTCCTTGTTGAGCT,6,54.0,44.2529020719779,glpG,-,GO:0004252
DEG10050214,3,TCGGCGATTTGTTCTCTATT,6,56.0,46.30290207197791,HI0656,-,GO:0005524;GO:0003725;GO:0016779
DEG10050214,5,CATCGGCGATTTGTTCTCTA,6,58.0,48.35290207197791,HI0656,-,GO:0005524;GO:0003725;GO:0016779
DEG10050214,6,GCATCGGCGATTTGTTCTCT,6,60.0,50.402902071977906,HI0656,-,GO:0005524;GO:0003725;GO:0016779
DEG10050214,7,GGCATCGGCGATTTGTTCTC,6,62.0,52.4529020719779,HI0656,-,GO:0005524;GO:0003725;GO:0016779
DEG10050214,8,GGGCATCGGCGATTTGTTCT,4,62.0,52.4529020719779,HI0656,-,GO:0005524;GO:0003725;GO:0016779
DEG10050214,9,AGGGCATCGGCGATTTGTTC,6,62.0,52.4529020719779,HI0656,-,GO:0005524;GO:0003725;GO:0016779
DEG10050216,6,TCTCTGTAAAAGAGAATCTC,6,54.0,44.2529020719779,HI0660,-,-
DEG10050216,7,GTCTCTGTAAAAGAGAATCT,4,54.0,44.2529020719779,HI0660,-,-
DEG10050216,16,GTCATTTTGGTCTCTGTAAA,6,54.0,44.2529020719779,HI0660,-,-
DEG10050216,17,TGTCATTTTGGTCTCTGTAA,6,54.0,44.2529020719779,HI0660,-,-
DEG10050216,18,ATGTCATTTTGGTCTCTGTA,4,54.0,44.2529020719779,HI0660,-,-
DEG10050216,19,AATGTCATTTTGGTCTCTGT,6,54.0,44.2529020719779,HI0660,-,-
DEG10050216,21,TCAATGTCATTTTGGTCTCT,6,54.0,44.2529020719779,HI0660,-,-
DEG10050218,69,TCTGTAAGGTAATGCAAACC,6,56.0,46.30290207197791,HI0665,-,GO:0016301
DEG10050218,73,ATTGTCTGTAAGGTAATGCA,6,54.0,44.2529020719779,HI0665,-,GO:0016301
DEG10050218,74,TATTGTCTGTAAGGTAATGC,6,54.0,44.2529020719779,HI0665,-,GO:0016301
DEG10050221,95,GTGTATGTTCAAGCAGTGTT,6,56.0,46.30290207197791,ispD,GO:0019288;GO:0016114,GO:0050518
DEG10050221,96,AGTGTATGTTCAAGCAGTGT,6,56.0,46.30290207197791,ispD,GO:0019288;GO:0016114,GO:0050518
DEG10050232,17,TTCTTCCATCTTTTCCCAAA,6,54.0,44.2529020719779,HI0688,-,-
DEG10050232,18,ATTCTTCCATCTTTTCCCAA,6,54.0,44.2529020719779,HI0688,-,-
DEG10050232,19,TATTCTTCCATCTTTTCCCA,4,54.0,44.2529020719779,HI0688,-,-
DEG10050232,20,TTATTCTTCCATCTTTTCCC,2,54.0,44.2529020719779,HI0688,-,-
DEG10050232,27,AACAGCTTTATTCTTCCATC,6,54.0,44.2529020719779,HI0688,-,-
DEG10050261,15,TCTCTTAACTGTAATCCGAT,6,54.0,44.2529020719779,ftsY,GO:0006614,GO:0005525;GO:0003924
DEG10050261,18,TGCTCTCTTAACTGTAATCC,6,56.0,46.30290207197791,ftsY,GO:0006614,GO:0005525;GO:0003924
DEG10050261,19,ATGCTCTCTTAACTGTAATC,6,54.0,44.2529020719779,ftsY,GO:0006614,GO:0005525;GO:0003924
DEG10050261,77,TATTACGCCCAAATAACGAT,4,54.0,44.2529020719779,ftsY,GO:0006614,GO:0005525;GO:0003924
DEG10050261,79,TTTATTACGCCCAAATAACG,6,54.0,44.2529020719779,ftsY,GO:0006614,GO:0005525;GO:0003924
DEG10050266,2,GCTTAAGATGTTTTTGTGTC,6,54.0,44.2529020719779,atoD,GO:0046459,GO:0008775
DEG10050293,0,TAGTCTTGTTGATTGGTCAT,6,54.0,44.2529020719779,hslO,GO:0006457,-
DEG10050293,1,ATAGTCTTGTTGATTGGTCA,6,54.0,44.2529020719779,hslO,GO:0006457,-
DEG10050293,2,TATAGTCTTGTTGATTGGTC,6,54.0,44.2529020719779,hslO,GO:0006457,-
DEG10050293,3,GTATAGTCTTGTTGATTGGT,6,54.0,44.2529020719779,hslO,GO:0006457,-
DEG10050293,4,AGTATAGTCTTGTTGATTGG,6,54.0,44.2529020719779,hslO,GO:0006457,-
DEG10050293,5,GAGTATAGTCTTGTTGATTG,6,54.0,44.2529020719779,hslO,GO:0006457,-
DEG10050301,9,CAGAGAGAAATTAAGGCGAC,6,58.0,48.35290207197791,slt,GO:0071555;GO:0000270,GO:0016837;GO:0004553;GO:0008933
DEG10050301,10,ACAGAGAGAAATTAAGGCGA,6,56.0,46.30290207197791,slt,GO:0071555;GO:0000270,GO:0016837;GO:0004553;GO:0008933
DEG10050301,11,TACAGAGAGAAATTAAGGCG,6,56.0,46.30290207197791,slt,GO:0071555;GO:0000270,GO:0016837;GO:0004553;GO:0008933
DEG10050301,12,ATACAGAGAGAAATTAAGGC,6,54.0,44.2529020719779,slt,GO:0071555;GO:0000270,GO:0016837;GO:0004553;GO:0008933
DEG10050301,20,CGGTAAAAATACAGAGAGAA,4,54.0,44.2529020719779,slt,GO:0071555;GO:0000270,GO:0016837;GO:0004553;GO:0008933
DEG10050301,21,GCGGTAAAAATACAGAGAGA,6,56.0,46.30290207197791,slt,GO:0071555;GO:0000270,GO:0016837;GO:0004553;GO:0008933
DEG10050301,22,TGCGGTAAAAATACAGAGAG,6,56.0,46.30290207197791,slt,GO:0071555;GO:0000270,GO:0016837;GO:0004553;GO:0008933
DEG10050301,27,GAAAGTGCGGTAAAAATACA,6,54.0,44.2529020719779,slt,GO:0071555;GO:0000270,GO:0016837;GO:0004553;GO:0008933
DEG10050301,28,AGAAAGTGCGGTAAAAATAC,6,54.0,44.2529020719779,slt,GO:0071555;GO:0000270,GO:0016837;GO:0004553;GO:0008933
DEG10050301,29,CAGAAAGTGCGGTAAAAATA,4,54.0,44.2529020719779,slt,GO:0071555;GO:0000270,GO:0016837;GO:0004553;GO:0008933
DEG10050301,30,GCAGAAAGTGCGGTAAAAAT,4,56.0,46.30290207197791,slt,GO:0071555;GO:0000270,GO:0016837;GO:0004553;GO:0008933
DEG10050301,31,AGCAGAAAGTGCGGTAAAAA,4,56.0,46.30290207197791,slt,GO:0071555;GO:0000270,GO:0016837;GO:0004553;GO:0008933
DEG10050301,32,AAGCAGAAAGTGCGGTAAAA,4,56.0,46.30290207197791,slt,GO:0071555;GO:0000270,GO:0016837;GO:0004553;GO:0008933
DEG10050301,33,AAAGCAGAAAGTGCGGTAAA,6,56.0,46.30290207197791,slt,GO:0071555;GO:0000270,GO:0016837;GO:0004553;GO:0008933
DEG10050301,34,AAAAGCAGAAAGTGCGGTAA,6,56.0,46.30290207197791,slt,GO:0071555;GO:0000270,GO:0016837;GO:0004553;GO:0008933
DEG10050301,74,CAAGATTGATTGATGCTGTT,6,54.0,44.2529020719779,slt,GO:0071555;GO:0000270,GO:0016837;GO:0004553;GO:0008933
DEG10050301,90,TTTTGTTTCTCTTGCTCAAG,6,54.0,44.2529020719779,slt,GO:0071555;GO:0000270,GO:0016837;GO:0004553;GO:0008933
DEG10050301,91,GTTTTGTTTCTCTTGCTCAA,6,54.0,44.2529020719779,slt,GO:0071555;GO:0000270,GO:0016837;GO:0004553;GO:0008933
DEG10050301,92,AGTTTTGTTTCTCTTGCTCA,4,54.0,44.2529020719779,slt,GO:0071555;GO:0000270,GO:0016837;GO:0004553;GO:0008933
DEG10050311,52,TTTTCCGATAGCAAGTGATT,6,54.0,44.2529020719779,clpB,GO:0016485;GO:0009408,GO:0005524
DEG10050311,53,CTTTTCCGATAGCAAGTGAT,6,56.0,46.30290207197791,clpB,GO:0016485;GO:0009408,GO:0005524
DEG10050311,60,TGATTGTCTTTTCCGATAGC,6,56.0,46.30290207197791,clpB,GO:0016485;GO:0009408,GO:0005524
DEG10050311,61,TTGATTGTCTTTTCCGATAG,6,54.0,44.2529020719779,clpB,GO:0016485;GO:0009408,GO:0005524
DEG10050319,17,GGATCTCGTCTATGCTCATA,6,58.0,48.35290207197791,ispB,GO:0008299,GO:0046872;GO:0016740
DEG10050319,18,TGGATCTCGTCTATGCTCAT,6,58.0,48.35290207197791,ispB,GO:0008299,GO:0046872;GO:0016740
DEG10050319,20,TCTGGATCTCGTCTATGCTC,6,60.0,50.402902071977906,ispB,GO:0008299,GO:0046872;GO:0016740
DEG10050319,21,TTCTGGATCTCGTCTATGCT,6,58.0,48.35290207197791,ispB,GO:0008299,GO:0046872;GO:0016740
DEG10050319,22,TTTCTGGATCTCGTCTATGC,6,58.0,48.35290207197791,ispB,GO:0008299,GO:0046872;GO:0016740
DEG10050319,23,GTTTCTGGATCTCGTCTATG,6,58.0,48.35290207197791,ispB,GO:0008299,GO:0046872;GO:0016740
DEG10050319,25,AAGTTTCTGGATCTCGTCTA,6,56.0,46.30290207197791,ispB,GO:0008299,GO:0046872;GO:0016740
DEG10050319,26,CAAGTTTCTGGATCTCGTCT,6,58.0,48.35290207197791,ispB,GO:0008299,GO:0046872;GO:0016740
DEG10050319,27,GCAAGTTTCTGGATCTCGTC,6,60.0,50.402902071977906,ispB,GO:0008299,GO:0046872;GO:0016740
DEG10050321,22,GAATCGTTGTTGGCTTAAAT,6,54.0,44.2529020719779,rhlB,GO:0006401,GO:0005524;GO:0003723
DEG10050321,23,AGAATCGTTGTTGGCTTAAA,6,54.0,44.2529020719779,rhlB,GO:0006401,GO:0005524;GO:0003723
DEG10050341,0,ATCCAAAATTTTGGGGGCAT,6,56.0,46.30290207197791,fic,-,GO:0005524;GO:0016779
DEG10050352,98,CCACTTCAGATGATATAGCT,6,56.0,46.30290207197791,tbpA/tbp1,-,GO:0005215
DEG10050359,7,TACAACCGAAGTGAATAATG,6,54.0,44.2529020719779,HI1008,GO:0006281,GO:0003677
DEG10050359,38,AAGACGAAGAAACAACCAGC,4,58.0,48.35290207197791,HI1008,GO:0006281,GO:0003677
DEG10050359,39,AAAGACGAAGAAACAACCAG,4,56.0,46.30290207197791,HI1008,GO:0006281,GO:0003677
DEG10050359,40,AAAAGACGAAGAAACAACCA,4,54.0,44.2529020719779,HI1008,GO:0006281,GO:0003677
DEG10050359,76,AGATTGAGCGGTTTGNTCTG,6,59.0,49.3779020719779,HI1008,GO:0006281,GO:0003677
DEG10050359,89,GAGTTGTCACAACAGATTGA,6,56.0,46.30290207197791,HI1008,GO:0006281,GO:0003677
DEG10050365,52,GAAACTAATAACAACAACCC,4,54.0,44.2529020719779,thiP,GO:0015888,GO:0005215
DEG10050365,75,GCACCACCATAAAAAAGAAT,4,54.0,44.2529020719779,thiP,GO:0015888,GO:0005215
DEG10050365,76,GGCACCACCATAAAAAAGAA,4,56.0,46.30290207197791,thiP,GO:0015888,GO:0005215
DEG10050365,77,AGGCACCACCATAAAAAAGA,4,56.0,46.30290207197791,thiP,GO:0015888,GO:0005215
DEG10050365,78,AAGGCACCACCATAAAAAAG,4,56.0,46.30290207197791,thiP,GO:0015888,GO:0005215
DEG10050365,79,TAAGGCACCACCATAAAAAA,4,54.0,44.2529020719779,thiP,GO:0015888,GO:0005215
DEG10050365,80,TTAAGGCACCACCATAAAAA,4,54.0,44.2529020719779,thiP,GO:0015888,GO:0005215
DEG10050365,85,CGAACTTAAGGCACCACCAT,6,60.0,50.402902071977906,thiP,GO:0015888,GO:0005215
DEG10050365,86,TCGAACTTAAGGCACCACCA,6,60.0,50.402902071977906,thiP,GO:0015888,GO:0005215
DEG10050365,87,ATCGAACTTAAGGCACCACC,4,60.0,50.402902071977906,thiP,GO:0015888,GO:0005215
DEG10050365,90,AAGATCGAACTTAAGGCACC,6,58.0,48.35290207197791,thiP,GO:0015888,GO:0005215
DEG10050365,91,AAAGATCGAACTTAAGGCAC,6,56.0,46.30290207197791,thiP,GO:0015888,GO:0005215
DEG10050365,92,CAAAGATCGAACTTAAGGCA,6,56.0,46.30290207197791,thiP,GO:0015888,GO:0005215
DEG10050365,93,GCAAAGATCGAACTTAAGGC,6,58.0,48.35290207197791,thiP,GO:0015888,GO:0005215
DEG10050369,9,CCACAATCAATACCAAGATA,6,54.0,44.2529020719779,lyx,-,GO:0005524;GO:0008744
DEG10050369,10,ACCACAATCAATACCAAGAT,6,54.0,44.2529020719779,lyx,-,GO:0005524;GO:0008744
DEG10050369,11,CACCACAATCAATACCAAGA,4,56.0,46.30290207197791,lyx,-,GO:0005524;GO:0008744
DEG10050369,12,CCACCACAATCAATACCAAG,6,58.0,48.35290207197791,lyx,-,GO:0005524;GO:0008744
DEG10050369,13,ACCACCACAATCAATACCAA,4,56.0,46.30290207197791,lyx,-,GO:0005524;GO:0008744
DEG10050369,14,TACCACCACAATCAATACCA,4,56.0,46.30290207197791,lyx,-,GO:0005524;GO:0008744
DEG10050369,15,GTACCACCACAATCAATACC,4,58.0,48.35290207197791,lyx,-,GO:0005524;GO:0008744
DEG10050369,16,CGTACCACCACAATCAATAC,6,58.0,48.35290207197791,lyx,-,GO:0005524;GO:0008744
DEG10050369,17,ACGTACCACCACAATCAATA,4,56.0,46.30290207197791,lyx,-,GO:0005524;GO:0008744
DEG10050369,18,AACGTACCACCACAATCAAT,4,56.0,46.30290207197791,lyx,-,GO:0005524;GO:0008744
DEG10050369,19,AAACGTACCACCACAATCAA,2,56.0,46.30290207197791,lyx,-,GO:0005524;GO:0008744
DEG10050369,21,ATAAACGTACCACCACAATC,6,56.0,46.30290207197791,lyx,-,GO:0005524;GO:0008744
DEG10050369,25,TTTTATAAACGTACCACCAC,6,54.0,44.2529020719779,lyx,-,GO:0005524;GO:0008744
DEG10050369,26,CTTTTATAAACGTACCACCA,6,54.0,44.2529020719779,lyx,-,GO:0005524;GO:0008744
DEG10050369,28,TGCTTTTATAAACGTACCAC,6,54.0,44.2529020719779,lyx,-,GO:0005524;GO:0008744
DEG10050369,45,TTTTGATCAAAAATCGCTGC,6,54.0,44.2529020719779,lyx,-,GO:0005524;GO:0008744
DEG10050369,57,TGTAGTGTACCATTTTGATC,6,54.0,44.2529020719779,lyx,-,GO:0005524;GO:0008744
DEG10050372,5,TAAAGTGGGCGAGAGATCTC,6,60.0,50.402902071977906,HI1030,GO:0006810,-
DEG10050372,6,ATAAAGTGGGCGAGAGATCT,6,58.0,48.35290207197791,HI1030,GO:0006810,-
DEG10050372,7,AATAAAGTGGGCGAGAGATC,6,58.0,48.35290207197791,HI1030,GO:0006810,-
DEG10050372,8,TAATAAAGTGGGCGAGAGAT,6,56.0,46.30290207197791,HI1030,GO:0006810,-
DEG10050372,9,TTAATAAAGTGGGCGAGAGA,4,56.0,46.30290207197791,HI1030,GO:0006810,-
DEG10050372,10,GTTAATAAAGTGGGCGAGAG,4,58.0,48.35290207197791,HI1030,GO:0006810,-
DEG10050372,11,TGTTAATAAAGTGGGCGAGA,6,56.0,46.30290207197791,HI1030,GO:0006810,-
DEG10050372,12,TTGTTAATAAAGTGGGCGAG,4,56.0,46.30290207197791,HI1030,GO:0006810,-
DEG10050372,13,TTTGTTAATAAAGTGGGCGA,6,54.0,44.2529020719779,HI1030,GO:0006810,-
DEG10050372,14,CTTTGTTAATAAAGTGGGCG,4,56.0,46.30290207197791,HI1030,GO:0006810,-
DEG10050372,26,GTATCTCTAGTGCTTTGTTA,6,54.0,44.2529020719779,HI1030,GO:0006810,-
DEG10050372,27,AGTATCTCTAGTGCTTTGTT,6,54.0,44.2529020719779,HI1030,GO:0006810,-
DEG10050376,34,ACGAGAAATGTGATGGTGGC,6,60.0,50.402902071977906,napF,-,GO:0051539;GO:0009055;GO:0005506
DEG10050376,35,TACGAGAAATGTGATGGTGG,6,58.0,48.35290207197791,napF,-,GO:0051539;GO:0009055;GO:0005506
DEG10050376,39,CCTCTACGAGAAATGTGATG,6,58.0,48.35290207197791,napF,-,GO:0051539;GO:0009055;GO:0005506
DEG10050376,40,TCCTCTACGAGAAATGTGAT,6,56.0,46.30290207197791,napF,-,GO:0051539;GO:0009055;GO:0005506
DEG10050376,41,GTCCTCTACGAGAAATGTGA,6,58.0,48.35290207197791,napF,-,GO:0051539;GO:0009055;GO:0005506
DEG10050376,42,AGTCCTCTACGAGAAATGTG,6,58.0,48.35290207197791,napF,-,GO:0051539;GO:0009055;GO:0005506
DEG10050376,68,TTGTAGCTGGAAATACATGA,6,54.0,44.2529020719779,napF,-,GO:0051539;GO:0009055;GO:0005506
DEG10050376,77,TTGTTGATTTTGTAGCTGGA,6,54.0,44.2529020719779,napF,-,GO:0051539;GO:0009055;GO:0005506
DEG10050376,78,ATTGTTGATTTTGTAGCTGG,4,54.0,44.2529020719779,napF,-,GO:0051539;GO:0009055;GO:0005506
DEG10050388,38,CAAATGCCACAATTACTAAC,6,54.0,44.2529020719779,nrfB,GO:0006807;GO:0055114,GO:0020037;GO:0046872
DEG10050393,22,GATCACCTGTTTTCCTAAAG,6,56.0,46.30290207197791,HI1086,GO:0006810,-
DEG10050393,23,CGATCACCTGTTTTCCTAAA,4,56.0,46.30290207197791,HI1086,GO:0006810,-
DEG10050393,24,TCGATCACCTGTTTTCCTAA,4,56.0,46.30290207197791,HI1086,GO:0006810,-
DEG10050399,57,TTTGACCATAATCCGTGTAC,6,56.0,46.30290207197791,zipA,GO:0000917,-
DEG10050399,58,ATTTGACCATAATCCGTGTA,6,54.0,44.2529020719779,zipA,GO:0000917,-
DEG10050399,59,GATTTGACCATAATCCGTGT,6,56.0,46.30290207197791,zipA,GO:0000917,-
DEG10050399,60,CGATTTGACCATAATCCGTG,6,58.0,48.35290207197791,zipA,GO:0000917,-
DEG10050399,68,TCTCACGACGATTTGACCAT,6,58.0,48.35290207197791,zipA,GO:0000917,-
DEG10050399,76,TTTTGATTTCTCACGACGAT,6,54.0,44.2529020719779,zipA,GO:0000917,-
DEG10050399,77,ATTTTGATTTCTCACGACGA,6,54.0,44.2529020719779,zipA,GO:0000917,-
DEG10050402,1,TGTGCGATGAGTGGTTTTCA,6,58.0,48.35290207197791,nhaC,GO:0006814,GO:0015297
DEG10050402,2,TTGTGCGATGAGTGGTTTTC,6,58.0,48.35290207197791,nhaC,GO:0006814,GO:0015297
DEG10050402,3,CTTGTGCGATGAGTGGTTTT,4,58.0,48.35290207197791,nhaC,GO:0006814,GO:0015297
DEG10050402,4,TCTTGTGCGATGAGTGGTTT,4,58.0,48.35290207197791,nhaC,GO:0006814,GO:0015297
DEG10050402,5,TTCTTGTGCGATGAGTGGTT,4,58.0,48.35290207197791,nhaC,GO:0006814,GO:0015297
DEG10050402,6,ATTCTTGTGCGATGAGTGGT,6,58.0,48.35290207197791,nhaC,GO:0006814,GO:0015297
DEG10050405,4,TTTTGTTGTCATCTGGATTG,6,54.0,44.2529020719779,lapB,-,-
DEG10050405,8,TTGTTTTTGTTGTCATCTGG,6,54.0,44.2529020719779,lapB,-,-
DEG10050405,9,GTTGTTTTTGTTGTCATCTG,6,54.0,44.2529020719779,lapB,-,-
DEG10050405,92,GTAAGTTATAACGCCAATGT,6,54.0,44.2529020719779,lapB,-,-
DEG10050411,8,GTGGCGTTTTTCTTTTCAGA,4,56.0,46.30290207197791,ftsQ,GO:0000917;GO:0043093,-
DEG10050411,9,TGTGGCGTTTTTCTTTTCAG,4,56.0,46.30290207197791,ftsQ,GO:0000917;GO:0043093,-
DEG10050411,10,CTGTGGCGTTTTTCTTTTCA,6,56.0,46.30290207197791,ftsQ,GO:0000917;GO:0043093,-
DEG10050411,11,TCTGTGGCGTTTTTCTTTTC,4,56.0,46.30290207197791,ftsQ,GO:0000917;GO:0043093,-
DEG10050411,12,TTCTGTGGCGTTTTTCTTTT,2,54.0,44.2529020719779,ftsQ,GO:0000917;GO:0043093,-
DEG10050411,13,ATTCTGTGGCGTTTTTCTTT,4,54.0,44.2529020719779,ftsQ,GO:0000917;GO:0043093,-
DEG10050411,14,TATTCTGTGGCGTTTTTCTT,4,54.0,44.2529020719779,ftsQ,GO:0000917;GO:0043093,-
DEG10050411,15,ATATTCTGTGGCGTTTTTCT,4,54.0,44.2529020719779,ftsQ,GO:0000917;GO:0043093,-
DEG10050411,16,AATATTCTGTGGCGTTTTTC,6,54.0,44.2529020719779,ftsQ,GO:0000917;GO:0043093,-
DEG10050411,19,ACGAATATTCTGTGGCGTTT,6,56.0,46.30290207197791,ftsQ,GO:0000917;GO:0043093,-
DEG10050411,21,AAACGAATATTCTGTGGCGT,6,56.0,46.30290207197791,ftsQ,GO:0000917;GO:0043093,-
DEG10050411,22,AAAACGAATATTCTGTGGCG,6,56.0,46.30290207197791,ftsQ,GO:0000917;GO:0043093,-
DEG10050411,29,GTTCTCCAAAACGAATATTC,6,54.0,44.2529020719779,ftsQ,GO:0000917;GO:0043093,-
DEG10050411,96,CCAAGTAAAAAAAAGACACC,4,54.0,44.2529020719779,ftsQ,GO:0000917;GO:0043093,-
DEG10050420,32,TGGAGCAAAGTTGATTTAAG,6,54.0,44.2529020719779,HI1161,-,GO:0016787
DEG10050420,38,CACTGTTGGAGCAAAGTTGA,6,58.0,48.35290207197791,HI1161,-,GO:0016787
DEG10050427,18,TCGTTGAGTCCGTCAAGTAA,6,58.0,48.35290207197791,uvrD,GO:0006281;GO:0006268,GO:0005524;GO:0003677;GO:0042802
DEG10050427,23,GTTTATCGTTGAGTCCGTCA,6,58.0,48.35290207197791,uvrD,GO:0006281;GO:0006268,GO:0005524;GO:0003677;GO:0042802
DEG10050427,24,TGTTTATCGTTGAGTCCGTC,4,58.0,48.35290207197791,uvrD,GO:0006281;GO:0006268,GO:0005524;GO:0003677;GO:0042802
DEG10050427,25,TTGTTTATCGTTGAGTCCGT,4,56.0,46.30290207197791,uvrD,GO:0006281;GO:0006268,GO:0005524;GO:0003677;GO:0042802
DEG10050441,21,TCATCACTACCAATATCAGG,6,56.0,46.30290207197791,aceF,GO:0006096,GO:0004742
DEG10050441,22,TTCATCACTACCAATATCAG,6,54.0,44.2529020719779,aceF,GO:0006096,GO:0004742
DEG10050441,23,CTTCATCACTACCAATATCA,6,54.0,44.2529020719779,aceF,GO:0006096,GO:0004742
DEG10050441,24,ACTTCATCACTACCAATATC,6,54.0,44.2529020719779,aceF,GO:0006096,GO:0004742
DEG10050441,27,GTAACTTCATCACTACCAAT,6,54.0,44.2529020719779,aceF,GO:0006096,GO:0004742
DEG10050441,28,GGTAACTTCATCACTACCAA,6,56.0,46.30290207197791,aceF,GO:0006096,GO:0004742
DEG10050441,31,TACGGTAACTTCATCACTAC,6,56.0,46.30290207197791,aceF,GO:0006096,GO:0004742
DEG10050441,33,GTTACGGTAACTTCATCACT,6,56.0,46.30290207197791,aceF,GO:0006096,GO:0004742
DEG10050441,52,TACGTTTACCATGACTTCTG,6,56.0,46.30290207197791,aceF,GO:0006096,GO:0004742
DEG10050441,78,GATTGATCAACAGAAATGGT,6,54.0,44.2529020719779,aceF,GO:0006096,GO:0004742
DEG10050445,52,TTGCAGAGTGCGATTAATGA,6,56.0,46.30290207197791,HI1244,-,-
DEG10050445,53,GTTGCAGAGTGCGATTAATG,6,58.0,48.35290207197791,HI1244,-,-
DEG10050445,54,CGTTGCAGAGTGCGATTAAT,6,58.0,48.35290207197791,HI1244,-,-
DEG10050445,55,ACGTTGCAGAGTGCGATTAA,6,58.0,48.35290207197791,HI1244,-,-
DEG10050445,64,TGTTAGTTTACGTTGCAGAG,6,56.0,46.30290207197791,HI1244,-,-
DEG10050445,65,TTGTTAGTTTACGTTGCAGA,6,54.0,44.2529020719779,HI1244,-,-
DEG10050449,5,CGAGCCCAGTTTTATATTTT,6,54.0,44.2529020719779,HI1248,GO:0006824,GO:0046872;GO:0015099
DEG10050449,6,ACGAGCCCAGTTTTATATTT,6,54.0,44.2529020719779,HI1248,GO:0006824,GO:0046872;GO:0015099
DEG10050449,7,CACGAGCCCAGTTTTATATT,6,56.0,46.30290207197791,HI1248,GO:0006824,GO:0046872;GO:0015099
DEG10050449,9,AACACGAGCCCAGTTTTATA,6,56.0,46.30290207197791,HI1248,GO:0006824,GO:0046872;GO:0015099
DEG10050449,10,TAACACGAGCCCAGTTTTAT,6,56.0,46.30290207197791,HI1248,GO:0006824,GO:0046872;GO:0015099
DEG10050449,16,CACTAATAACACGAGCCCAG,6,60.0,50.402902071977906,HI1248,GO:0006824,GO:0046872;GO:0015099
DEG10050449,17,TCACTAATAACACGAGCCCA,4,58.0,48.35290207197791,HI1248,GO:0006824,GO:0046872;GO:0015099
DEG10050449,18,ATCACTAATAACACGAGCCC,6,58.0,48.35290207197791,HI1248,GO:0006824,GO:0046872;GO:0015099
DEG10050449,19,AATCACTAATAACACGAGCC,6,56.0,46.30290207197791,HI1248,GO:0006824,GO:0046872;GO:0015099
DEG10050449,65,TATGTAAGAAAAACCAAGGG,4,54.0,44.2529020719779,HI1248,GO:0006824,GO:0046872;GO:0015099
DEG10050450,34,GGCTAAAACACCAAAACTAA,4,54.0,44.2529020719779,HI1249,-,-
DEG10050450,35,GGGCTAAAACACCAAAACTA,4,56.0,46.30290207197791,HI1249,-,-
DEG10050450,36,TGGGCTAAAACACCAAAACT,4,56.0,46.30290207197791,HI1249,-,-
DEG10050450,37,ATGGGCTAAAACACCAAAAC,4,56.0,46.30290207197791,HI1249,-,-
DEG10050450,38,GATGGGCTAAAACACCAAAA,6,56.0,46.30290207197791,HI1249,-,-
DEG10050450,44,CGTGAGGATGGGCTAAAACA,6,60.0,50.402902071977906,HI1249,-,-
DEG10050450,46,TGCGTGAGGATGGGCTAAAA,6,60.0,50.402902071977906,HI1249,-,-
DEG10050450,47,ATGCGTGAGGATGGGCTAAA,6,60.0,50.402902071977906,HI1249,-,-
DEG10050450,48,AATGCGTGAGGATGGGCTAA,6,60.0,50.402902071977906,HI1249,-,-
DEG10050450,49,AAATGCGTGAGGATGGGCTA,6,60.0,50.402902071977906,HI1249,-,-
DEG10050450,50,TAAATGCGTGAGGATGGGCT,6,60.0,50.402902071977906,HI1249,-,-
DEG10050450,51,ATAAATGCGTGAGGATGGGC,6,60.0,50.402902071977906,HI1249,-,-
DEG10050450,52,AATAAATGCGTGAGGATGGG,6,58.0,48.35290207197791,HI1249,-,-
DEG10050450,54,TCAATAAATGCGTGAGGATG,6,56.0,46.30290207197791,HI1249,-,-
DEG10050450,56,TATCAATAAATGCGTGAGGA,6,54.0,44.2529020719779,HI1249,-,-
DEG10050459,29,AAATTATGCCCTCTGTAAAG,6,54.0,44.2529020719779,hsdM,GO:0009307,GO:0003677;GO:0008170;GO:0009007
DEG10050459,35,TTGCATAAATTATGCCCTCT,6,54.0,44.2529020719779,hsdM,GO:0009307,GO:0003677;GO:0008170;GO:0009007
DEG10050459,36,CTTGCATAAATTATGCCCTC,6,56.0,46.30290207197791,hsdM,GO:0009307,GO:0003677;GO:0008170;GO:0009007
DEG10050459,42,GTCTCGCTTGCATAAATTAT,6,54.0,44.2529020719779,hsdM,GO:0009307,GO:0003677;GO:0008170;GO:0009007
DEG10050459,43,CGTCTCGCTTGCATAAATTA,6,56.0,46.30290207197791,hsdM,GO:0009307,GO:0003677;GO:0008170;GO:0009007
DEG10050459,44,TCGTCTCGCTTGCATAAATT,6,56.0,46.30290207197791,hsdM,GO:0009307,GO:0003677;GO:0008170;GO:0009007
DEG10050459,45,CTCGTCTCGCTTGCATAAAT,6,58.0,48.35290207197791,hsdM,GO:0009307,GO:0003677;GO:0008170;GO:0009007
DEG10050459,47,GTCTCGTCTCGCTTGCATAA,6,60.0,50.402902071977906,hsdM,GO:0009307,GO:0003677;GO:0008170;GO:0009007
DEG10050459,48,CGTCTCGTCTCGCTTGCATA,6,62.0,52.4529020719779,hsdM,GO:0009307,GO:0003677;GO:0008170;GO:0009007
DEG10050459,49,TCGTCTCGTCTCGCTTGCAT,4,62.0,52.4529020719779,hsdM,GO:0009307,GO:0003677;GO:0008170;GO:0009007
DEG10050459,50,CTCGTCTCGTCTCGCTTGCA,6,64.0,54.5029020719779,hsdM,GO:0009307,GO:0003677;GO:0008170;GO:0009007
DEG10050459,51,TCTCGTCTCGTCTCGCTTGC,4,64.0,54.5029020719779,hsdM,GO:0009307,GO:0003677;GO:0008170;GO:0009007
DEG10050459,52,GTCTCGTCTCGTCTCGCTTG,6,64.0,54.5029020719779,hsdM,GO:0009307,GO:0003677;GO:0008170;GO:0009007
DEG10050459,53,CGTCTCGTCTCGTCTCGCTT,6,64.0,54.5029020719779,hsdM,GO:0009307,GO:0003677;GO:0008170;GO:0009007
DEG10050459,54,TCGTCTCGTCTCGTCTCGCT,6,64.0,54.5029020719779,hsdM,GO:0009307,GO:0003677;GO:0008170;GO:0009007
DEG10050462,1,ACGGGAACGTTTGATAATCA,6,56.0,46.30290207197791,csd,-,GO:0031071;GO:0030170
DEG10050462,2,GACGGGAACGTTTGATAATC,6,58.0,48.35290207197791,csd,-,GO:0031071;GO:0030170
DEG10050462,3,TGACGGGAACGTTTGATAAT,6,56.0,46.30290207197791,csd,-,GO:0031071;GO:0030170
DEG10050462,4,TTGACGGGAACGTTTGATAA,6,56.0,46.30290207197791,csd,-,GO:0031071;GO:0030170
DEG10050462,5,CTTGACGGGAACGTTTGATA,6,58.0,48.35290207197791,csd,-,GO:0031071;GO:0030170
DEG10050462,6,GCTTGACGGGAACGTTTGAT,6,60.0,50.402902071977906,csd,-,GO:0031071;GO:0030170
DEG10050462,7,TGCTTGACGGGAACGTTTGA,6,60.0,50.402902071977906,csd,-,GO:0031071;GO:0030170
DEG10050462,8,ATGCTTGACGGGAACGTTTG,6,60.0,50.402902071977906,csd,-,GO:0031071;GO:0030170
DEG10050462,12,GGAAATGCTTGACGGGAACG,6,62.0,52.4529020719779,csd,-,GO:0031071;GO:0030170
DEG10050462,13,GGGAAATGCTTGACGGGAAC,6,62.0,52.4529020719779,csd,-,GO:0031071;GO:0030170
DEG10050462,14,AGGGAAATGCTTGACGGGAA,6,60.0,50.402902071977906,csd,-,GO:0031071;GO:0030170
DEG10050462,16,ATAGGGAAATGCTTGACGGG,6,60.0,50.402902071977906,csd,-,GO:0031071;GO:0030170
DEG10050462,17,AATAGGGAAATGCTTGACGG,6,58.0,48.35290207197791,csd,-,GO:0031071;GO:0030170
DEG10050462,18,AAATAGGGAAATGCTTGACG,6,56.0,46.30290207197791,csd,-,GO:0031071;GO:0030170
DEG10050462,19,GAAATAGGGAAATGCTTGAC,6,56.0,46.30290207197791,csd,-,GO:0031071;GO:0030170
DEG10050462,20,GGAAATAGGGAAATGCTTGA,6,56.0,46.30290207197791,csd,-,GO:0031071;GO:0030170
DEG10050462,21,TGGAAATAGGGAAATGCTTG,6,56.0,46.30290207197791,csd,-,GO:0031071;GO:0030170
DEG10050462,22,TTGGAAATAGGGAAATGCTT,6,54.0,44.2529020719779,csd,-,GO:0031071;GO:0030170
DEG10050462,23,GTTGGAAATAGGGAAATGCT,6,56.0,46.30290207197791,csd,-,GO:0031071;GO:0030170
DEG10050462,24,CGTTGGAAATAGGGAAATGC,6,58.0,48.35290207197791,csd,-,GO:0031071;GO:0030170
DEG10050462,25,ACGTTGGAAATAGGGAAATG,6,56.0,46.30290207197791,csd,-,GO:0031071;GO:0030170
DEG10050462,26,CACGTTGGAAATAGGGAAAT,6,56.0,46.30290207197791,csd,-,GO:0031071;GO:0030170
DEG10050462,27,TCACGTTGGAAATAGGGAAA,6,56.0,46.30290207197791,csd,-,GO:0031071;GO:0030170
DEG10050462,30,TCTTCACGTTGGAAATAGGG,6,58.0,48.35290207197791,csd,-,GO:0031071;GO:0030170
DEG10050462,31,ATCTTCACGTTGGAAATAGG,6,56.0,46.30290207197791,csd,-,GO:0031071;GO:0030170
DEG10050478,11,CGGCTGGTCTCTTTCTAGAA,6,60.0,50.402902071977906,lon-B,GO:0030163,GO:0005524;GO:0004176;GO:0004252
DEG10050478,12,ACGGCTGGTCTCTTTCTAGA,6,60.0,50.402902071977906,lon-B,GO:0030163,GO:0005524;GO:0004176;GO:0004252
DEG10050478,13,CACGGCTGGTCTCTTTCTAG,6,62.0,52.4529020719779,lon-B,GO:0030163,GO:0005524;GO:0004176;GO:0004252
DEG10050478,14,TCACGGCTGGTCTCTTTCTA,4,60.0,50.402902071977906,lon-B,GO:0030163,GO:0005524;GO:0004176;GO:0004252
DEG10050478,15,CTCACGGCTGGTCTCTTTCT,4,62.0,52.4529020719779,lon-B,GO:0030163,GO:0005524;GO:0004176;GO:0004252
DEG10050478,16,ACTCACGGCTGGTCTCTTTC,4,62.0,52.4529020719779,lon-B,GO:0030163,GO:0005524;GO:0004176;GO:0004252
DEG10050478,17,AACTCACGGCTGGTCTCTTT,6,60.0,50.402902071977906,lon-B,GO:0030163,GO:0005524;GO:0004176;GO:0004252
DEG10050478,23,ATAATGAACTCACGGCTGGT,6,58.0,48.35290207197791,lon-B,GO:0030163,GO:0005524;GO:0004176;GO:0004252
DEG10050478,24,AATAATGAACTCACGGCTGG,4,58.0,48.35290207197791,lon-B,GO:0030163,GO:0005524;GO:0004176;GO:0004252
DEG10050478,27,GAAAATAATGAACTCACGGC,6,56.0,46.30290207197791,lon-B,GO:0030163,GO:0005524;GO:0004176;GO:0004252
DEG10050478,28,AGAAAATAATGAACTCACGG,6,54.0,44.2529020719779,lon-B,GO:0030163,GO:0005524;GO:0004176;GO:0004252
DEG10050478,29,GAGAAAATAATGAACTCACG,6,54.0,44.2529020719779,lon-B,GO:0030163,GO:0005524;GO:0004176;GO:0004252
DEG10050478,44,CAATAGCTTGTTGTTGAGAA,6,54.0,44.2529020719779,lon-B,GO:0030163,GO:0005524;GO:0004176;GO:0004252
DEG10050478,45,TCAATAGCTTGTTGTTGAGA,6,54.0,44.2529020719779,lon-B,GO:0030163,GO:0005524;GO:0004176;GO:0004252
DEG10050478,53,AAGATTGCTCAATAGCTTGT,6,54.0,44.2529020719779,lon-B,GO:0030163,GO:0005524;GO:0004176;GO:0004252
DEG10050478,62,GCCAATTTAAAGATTGCTCA,6,54.0,44.2529020719779,lon-B,GO:0030163,GO:0005524;GO:0004176;GO:0004252
DEG10050480,8,CGGTGGAAATTGAAGATAAT,6,54.0,44.2529020719779,dacB,GO:0007049;GO:0051301;GO:0071555;GO:0009252;GO:0008360;GO:0046677,GO:0009002
DEG10050480,9,GCGGTGGAAATTGAAGATAA,6,56.0,46.30290207197791,dacB,GO:0007049;GO:0051301;GO:0071555;GO:0009252;GO:0008360;GO:0046677,GO:0009002
DEG10050480,10,TGCGGTGGAAATTGAAGATA,6,56.0,46.30290207197791,dacB,GO:0007049;GO:0051301;GO:0071555;GO:0009252;GO:0008360;GO:0046677,GO:0009002
DEG10050480,11,GTGCGGTGGAAATTGAAGAT,6,58.0,48.35290207197791,dacB,GO:0007049;GO:0051301;GO:0071555;GO:0009252;GO:0008360;GO:0046677,GO:0009002
DEG10050480,12,AGTGCGGTGGAAATTGAAGA,6,58.0,48.35290207197791,dacB,GO:0007049;GO:0051301;GO:0071555;GO:0009252;GO:0008360;GO:0046677,GO:0009002
DEG10050480,13,AAGTGCGGTGGAAATTGAAG,6,58.0,48.35290207197791,dacB,GO:0007049;GO:0051301;GO:0071555;GO:0009252;GO:0008360;GO:0046677,GO:0009002
DEG10050480,14,CAAGTGCGGTGGAAATTGAA,6,58.0,48.35290207197791,dacB,GO:0007049;GO:0051301;GO:0071555;GO:0009252;GO:0008360;GO:0046677,GO:0009002
DEG10050480,18,GAACCAAGTGCGGTGGAAAT,6,60.0,50.402902071977906,dacB,GO:0007049;GO:0051301;GO:0071555;GO:0009252;GO:0008360;GO:0046677,GO:0009002
DEG10050480,19,GGAACCAAGTGCGGTGGAAA,6,62.0,52.4529020719779,dacB,GO:0007049;GO:0051301;GO:0071555;GO:0009252;GO:0008360;GO:0046677,GO:0009002
DEG10050480,20,AGGAACCAAGTGCGGTGGAA,6,62.0,52.4529020719779,dacB,GO:0007049;GO:0051301;GO:0071555;GO:0009252;GO:0008360;GO:0046677,GO:0009002
DEG10050480,21,AAGGAACCAAGTGCGGTGGA,6,62.0,52.4529020719779,dacB,GO:0007049;GO:0051301;GO:0071555;GO:0009252;GO:0008360;GO:0046677,GO:0009002
DEG10050480,22,AAAGGAACCAAGTGCGGTGG,6,62.0,52.4529020719779,dacB,GO:0007049;GO:0051301;GO:0071555;GO:0009252;GO:0008360;GO:0046677,GO:0009002
DEG10050480,25,TAAAAAGGAACCAAGTGCGG,6,58.0,48.35290207197791,dacB,GO:0007049;GO:0051301;GO:0071555;GO:0009252;GO:0008360;GO:0046677,GO:0009002
DEG10050480,26,GTAAAAAGGAACCAAGTGCG,6,58.0,48.35290207197791,dacB,GO:0007049;GO:0051301;GO:0071555;GO:0009252;GO:0008360;GO:0046677,GO:0009002
DEG10050480,27,AGTAAAAAGGAACCAAGTGC,6,56.0,46.30290207197791,dacB,GO:0007049;GO:0051301;GO:0071555;GO:0009252;GO:0008360;GO:0046677,GO:0009002
DEG10050480,28,AAGTAAAAAGGAACCAAGTG,6,54.0,44.2529020719779,dacB,GO:0007049;GO:0051301;GO:0071555;GO:0009252;GO:0008360;GO:0046677,GO:0009002
DEG10050480,30,GAAAGTAAAAAGGAACCAAG,4,54.0,44.2529020719779,dacB,GO:0007049;GO:0051301;GO:0071555;GO:0009252;GO:0008360;GO:0046677,GO:0009002
DEG10050480,32,CTGAAAGTAAAAAGGAACCA,4,54.0,44.2529020719779,dacB,GO:0007049;GO:0051301;GO:0071555;GO:0009252;GO:0008360;GO:0046677,GO:0009002
DEG10050480,33,ACTGAAAGTAAAAAGGAACC,4,54.0,44.2529020719779,dacB,GO:0007049;GO:0051301;GO:0071555;GO:0009252;GO:0008360;GO:0046677,GO:0009002
DEG10050480,34,CACTGAAAGTAAAAAGGAAC,4,54.0,44.2529020719779,dacB,GO:0007049;GO:0051301;GO:0071555;GO:0009252;GO:0008360;GO:0046677,GO:0009002
DEG10050480,37,ACTCACTGAAAGTAAAAAGG,6,54.0,44.2529020719779,dacB,GO:0007049;GO:0051301;GO:0071555;GO:0009252;GO:0008360;GO:0046677,GO:0009002
DEG10050480,46,AAGGCTAAAACTCACTGAAA,6,54.0,44.2529020719779,dacB,GO:0007049;GO:0051301;GO:0071555;GO:0009252;GO:0008360;GO:0046677,GO:0009002
DEG10050480,47,GAAGGCTAAAACTCACTGAA,4,56.0,46.30290207197791,dacB,GO:0007049;GO:0051301;GO:0071555;GO:0009252;GO:0008360;GO:0046677,GO:0009002
DEG10050480,48,GGAAGGCTAAAACTCACTGA,4,58.0,48.35290207197791,dacB,GO:0007049;GO:0051301;GO:0071555;GO:0009252;GO:0008360;GO:0046677,GO:0009002
DEG10050480,49,TGGAAGGCTAAAACTCACTG,6,58.0,48.35290207197791,dacB,GO:0007049;GO:0051301;GO:0071555;GO:0009252;GO:0008360;GO:0046677,GO:0009002
DEG10050480,52,GGTTGGAAGGCTAAAACTCA,6,58.0,48.35290207197791,dacB,GO:0007049;GO:0051301;GO:0071555;GO:0009252;GO:0008360;GO:0046677,GO:0009002
DEG10050482,2,AGCTGTTGTCTTGGTAATTC,6,56.0,46.30290207197791,HI1340,-,GO:0005215
DEG10050482,3,AAGCTGTTGTCTTGGTAATT,6,54.0,44.2529020719779,HI1340,-,GO:0005215
DEG10050482,4,TAAGCTGTTGTCTTGGTAAT,6,54.0,44.2529020719779,HI1340,-,GO:0005215
DEG10050482,6,TTTAAGCTGTTGTCTTGGTA,6,54.0,44.2529020719779,HI1340,-,GO:0005215
DEG10050482,7,TTTTAAGCTGTTGTCTTGGT,6,54.0,44.2529020719779,HI1340,-,GO:0005215
DEG10050482,8,ATTTTAAGCTGTTGTCTTGG,6,54.0,44.2529020719779,HI1340,-,GO:0005215
DEG10050488,24,TCTGCTTTTTGTTTGAGAGA,6,54.0,44.2529020719779,malQ,-,GO:0004134
DEG10050488,25,TTCTGCTTTTTGTTTGAGAG,6,54.0,44.2529020719779,malQ,-,GO:0004134
DEG10050494,0,AGTGCGGTTGTTTTTTTCAT,4,54.0,44.2529020719779,pqqL,-,GO:0046872;GO:0004222
DEG10050494,1,AAGTGCGGTTGTTTTTTTCA,4,54.0,44.2529020719779,pqqL,-,GO:0046872;GO:0004222
DEG10050494,2,AAAGTGCGGTTGTTTTTTTC,4,54.0,44.2529020719779,pqqL,-,GO:0046872;GO:0004222
DEG10050494,10,AAGTAAAAAAAGTGCGGTTG,6,54.0,44.2529020719779,pqqL,-,GO:0046872;GO:0004222
DEG10050494,13,GATAAGTAAAAAAAGTGCGG,4,54.0,44.2529020719779,pqqL,-,GO:0046872;GO:0004222
DEG10050494,32,GACAAGCAATTAGTGAAAAG,6,54.0,44.2529020719779,pqqL,-,GO:0046872;GO:0004222
DEG10050494,37,TGATTGACAAGCAATTAGTG,6,54.0,44.2529020719779,pqqL,-,GO:0046872;GO:0004222
DEG10050495,26,AACCGTCTTTGTCAGTTTCA,6,56.0,46.30290207197791,HI1371,-,GO:0016740
DEG10050495,27,TAACCGTCTTTGTCAGTTTC,6,56.0,46.30290207197791,HI1371,-,GO:0016740
DEG10050495,38,TATGGAGCAAATAACCGTCT,6,56.0,46.30290207197791,HI1371,-,GO:0016740
DEG10050495,39,CTATGGAGCAAATAACCGTC,6,58.0,48.35290207197791,HI1371,-,GO:0016740
DEG10050495,40,GCTATGGAGCAAATAACCGT,6,58.0,48.35290207197791,HI1371,-,GO:0016740
DEG10050495,41,GGCTATGGAGCAAATAACCG,6,60.0,50.402902071977906,HI1371,-,GO:0016740
DEG10050498,57,TGAATATCCTTTTCCAGCTT,6,54.0,44.2529020719779,HI1375,-,-
DEG10050498,58,CTGAATATCCTTTTCCAGCT,4,56.0,46.30290207197791,HI1375,-,-
DEG10050504,40,TTCTTCGACAGTTAAAGTAC,6,54.0,44.2529020719779,holC,-,GO:0003677;GO:0003887
DEG10050504,67,TATTGAAGCAGCAAGATTAC,6,54.0,44.2529020719779,holC,-,GO:0003677;GO:0003887
DEG10050504,91,TAGTACTTTTTTCCCTGAAC,6,54.0,44.2529020719779,holC,-,GO:0003677;GO:0003887
DEG10050508,5,GCAGATGATGCAAAAATGCT,6,56.0,46.30290207197791,yhxB,-,-
DEG10050508,7,TTGCAGATGATGCAAAAATG,6,54.0,44.2529020719779,yhxB,-,-
DEG10050512,10,CACTAACGCTATGTAAATGT,6,54.0,44.2529020719779,HI1414,-,-
DEG10050512,13,ACCCACTAACGCTATGTAAA,6,56.0,46.30290207197791,HI1414,-,-
DEG10050512,14,CACCCACTAACGCTATGTAA,6,58.0,48.35290207197791,HI1414,-,-
DEG10050512,15,ACACCCACTAACGCTATGTA,6,58.0,48.35290207197791,HI1414,-,-
DEG10050512,17,CAACACCCACTAACGCTATG,6,60.0,50.402902071977906,HI1414,-,-
DEG10050512,18,ACAACACCCACTAACGCTAT,6,58.0,48.35290207197791,HI1414,-,-
DEG10050512,19,GACAACACCCACTAACGCTA,4,60.0,50.402902071977906,HI1414,-,-
DEG10050512,20,CGACAACACCCACTAACGCT,4,62.0,52.4529020719779,HI1414,-,-
DEG10050512,21,ACGACAACACCCACTAACGC,6,62.0,52.4529020719779,HI1414,-,-
DEG10050512,22,CACGACAACACCCACTAACG,6,62.0,52.4529020719779,HI1414,-,-
DEG10050512,23,CCACGACAACACCCACTAAC,4,62.0,52.4529020719779,HI1414,-,-
DEG10050512,24,ACCACGACAACACCCACTAA,2,60.0,50.402902071977906,HI1414,-,-
DEG10050512,25,AACCACGACAACACCCACTA,4,60.0,50.402902071977906,HI1414,-,-
DEG10050512,26,AAACCACGACAACACCCACT,4,60.0,50.402902071977906,HI1414,-,-
DEG10050512,27,AAAACCACGACAACACCCAC,2,60.0,50.402902071977906,HI1414,-,-
DEG10050512,28,CAAAACCACGACAACACCCA,2,60.0,50.402902071977906,HI1414,-,-
DEG10050512,29,ACAAAACCACGACAACACCC,2,60.0,50.402902071977906,HI1414,-,-
DEG10050512,30,AACAAAACCACGACAACACC,2,58.0,48.35290207197791,HI1414,-,-
DEG10050512,31,AAACAAAACCACGACAACAC,2,56.0,46.30290207197791,HI1414,-,-
DEG10050512,32,CAAACAAAACCACGACAACA,2,56.0,46.30290207197791,HI1414,-,-
DEG10050512,33,CCAAACAAAACCACGACAAC,2,58.0,48.35290207197791,HI1414,-,-
DEG10050512,34,ACCAAACAAAACCACGACAA,2,56.0,46.30290207197791,HI1414,-,-
DEG10050512,35,CACCAAACAAAACCACGACA,2,58.0,48.35290207197791,HI1414,-,-
DEG10050512,36,GCACCAAACAAAACCACGAC,2,60.0,50.402902071977906,HI1414,-,-
DEG10050512,37,TGCACCAAACAAAACCACGA,2,58.0,48.35290207197791,HI1414,-,-
DEG10050512,38,ATGCACCAAACAAAACCACG,2,58.0,48.35290207197791,HI1414,-,-
DEG10050512,39,AATGCACCAAACAAAACCAC,4,56.0,46.30290207197791,HI1414,-,-
DEG10050512,40,CAATGCACCAAACAAAACCA,4,56.0,46.30290207197791,HI1414,-,-
DEG10050512,41,GCAATGCACCAAACAAAACC,4,58.0,48.35290207197791,HI1414,-,-
DEG10050512,42,CGCAATGCACCAAACAAAAC,6,58.0,48.35290207197791,HI1414,-,-
DEG10050512,43,ACGCAATGCACCAAACAAAA,4,56.0,46.30290207197791,HI1414,-,-
DEG10050512,44,AACGCAATGCACCAAACAAA,4,56.0,46.30290207197791,HI1414,-,-
DEG10050512,45,TAACGCAATGCACCAAACAA,6,56.0,46.30290207197791,HI1414,-,-
DEG10050512,46,GTAACGCAATGCACCAAACA,4,58.0,48.35290207197791,HI1414,-,-
DEG10050512,47,GGTAACGCAATGCACCAAAC,6,60.0,50.402902071977906,HI1414,-,-
DEG10050512,52,AGATTGGTAACGCAATGCAC,6,58.0,48.35290207197791,HI1414,-,-
DEG10050512,57,ACGCTAGATTGGTAACGCAA,6,58.0,48.35290207197791,HI1414,-,-
DEG10050512,71,CCAACTCATCTATAACGCTA,6,56.0,46.30290207197791,HI1414,-,-
DEG10050512,72,TCCAACTCATCTATAACGCT,6,56.0,46.30290207197791,HI1414,-,-
DEG10050512,73,TTCCAACTCATCTATAACGC,6,56.0,46.30290207197791,HI1414,-,-
DEG10050512,74,TTTCCAACTCATCTATAACG,6,54.0,44.2529020719779,HI1414,-,-
DEG10050512,79,CGTTATTTCCAACTCATCTA,6,54.0,44.2529020719779,HI1414,-,-
DEG10050512,89,GTTGCTTTGTCGTTATTTCC,6,56.0,46.30290207197791,HI1414,-,-
DEG10050512,90,TGTTGCTTTGTCGTTATTTC,6,54.0,44.2529020719779,HI1414,-,-
DEG10050512,92,CTTGTTGCTTTGTCGTTATT,4,54.0,44.2529020719779,HI1414,-,-
DEG10050512,93,TCTTGTTGCTTTGTCGTTAT,4,54.0,44.2529020719779,HI1414,-,-
DEG10050512,94,TTCTTGTTGCTTTGTCGTTA,4,54.0,44.2529020719779,HI1414,-,-
DEG10050512,95,CTTCTTGTTGCTTTGTCGTT,2,56.0,46.30290207197791,HI1414,-,-
DEG10050512,96,TCTTCTTGTTGCTTTGTCGT,4,56.0,46.30290207197791,HI1414,-,-
DEG10050512,97,ATCTTCTTGTTGCTTTGTCG,4,56.0,46.30290207197791,HI1414,-,-
DEG10050512,98,TATCTTCTTGTTGCTTTGTC,2,54.0,44.2529020719779,HI1414,-,-
DEG10050512,99,GTATCTTCTTGTTGCTTTGT,2,54.0,44.2529020719779,HI1414,-,-
DEG10050512,100,AGTATCTTCTTGTTGCTTTG,6,54.0,44.2529020719779,HI1414,-,-
DEG10050523,0,TCTTCAGAAAAGTGACCCAT,6,56.0,46.30290207197791,ispA,GO:0008299,GO:0004337;GO:0046872
DEG10050523,2,ATTCTTCAGAAAAGTGACCC,6,56.0,46.30290207197791,ispA,GO:0008299,GO:0004337;GO:0046872
DEG10050523,3,AATTCTTCAGAAAAGTGACC,6,54.0,44.2529020719779,ispA,GO:0008299,GO:0004337;GO:0046872
DEG10050532,4,TGCTCTTGCAAATAACTGTT,6,54.0,44.2529020719779,HI1456,-,-
DEG10050532,5,ATGCTCTTGCAAATAACTGT,6,54.0,44.2529020719779,HI1456,-,-
DEG10050532,15,CCTATAATTGATGCTCTTGC,6,56.0,46.30290207197791,HI1456,-,-
DEG10050532,17,CCCCTATAATTGATGCTCTT,6,56.0,46.30290207197791,HI1456,-,-
DEG10050532,19,TACCCCTATAATTGATGCTC,6,56.0,46.30290207197791,HI1456,-,-
DEG10050532,23,ACGCTACCCCTATAATTGAT,6,56.0,46.30290207197791,HI1456,-,-
DEG10050532,24,AACGCTACCCCTATAATTGA,6,56.0,46.30290207197791,HI1456,-,-
DEG10050532,39,CAAGCTGAAAGTAATAACGC,6,56.0,46.30290207197791,HI1456,-,-
DEG10050532,40,ACAAGCTGAAAGTAATAACG,6,54.0,44.2529020719779,HI1456,-,-
DEG10050532,41,CACAAGCTGAAAGTAATAAC,6,54.0,44.2529020719779,HI1456,-,-
DEG10050532,42,GCACAAGCTGAAAGTAATAA,6,54.0,44.2529020719779,HI1456,-,-
DEG10050532,43,TGCACAAGCTGAAAGTAATA,6,54.0,44.2529020719779,HI1456,-,-
DEG10050532,44,TTGCACAAGCTGAAAGTAAT,6,54.0,44.2529020719779,HI1456,-,-
DEG10050532,45,GTTGCACAAGCTGAAAGTAA,6,56.0,46.30290207197791,HI1456,-,-
DEG10050532,46,GGTTGCACAAGCTGAAAGTA,6,58.0,48.35290207197791,HI1456,-,-
DEG10050532,65,CAACAGAAGCCATAGGAACG,6,60.0,50.402902071977906,HI1456,-,-
DEG10050532,66,TCAACAGAAGCCATAGGAAC,6,58.0,48.35290207197791,HI1456,-,-
DEG10050532,69,TCTTCAACAGAAGCCATAGG,6,58.0,48.35290207197791,HI1456,-,-
DEG10050532,70,TTCTTCAACAGAAGCCATAG,6,56.0,46.30290207197791,HI1456,-,-
DEG10050532,71,TTTCTTCAACAGAAGCCATA,6,54.0,44.2529020719779,HI1456,-,-
DEG10050533,47,CATACCATTGAGCTTGAGCT,6,58.0,48.35290207197791,HI1457,-,GO:0015288
DEG10050533,48,ACATACCATTGAGCTTGAGC,6,58.0,48.35290207197791,HI1457,-,GO:0015288
DEG10050533,49,AACATACCATTGAGCTTGAG,6,56.0,46.30290207197791,HI1457,-,GO:0015288
DEG10050533,50,GAACATACCATTGAGCTTGA,6,56.0,46.30290207197791,HI1457,-,GO:0015288
DEG10050533,51,TGAACATACCATTGAGCTTG,6,56.0,46.30290207197791,HI1457,-,GO:0015288
DEG10050533,52,TTGAACATACCATTGAGCTT,6,54.0,44.2529020719779,HI1457,-,GO:0015288
DEG10050533,53,CTTGAACATACCATTGAGCT,6,56.0,46.30290207197791,HI1457,-,GO:0015288
DEG10050533,56,CGCCTTGAACATACCATTGA,6,58.0,48.35290207197791,HI1457,-,GO:0015288
DEG10050533,57,TCGCCTTGAACATACCATTG,6,58.0,48.35290207197791,HI1457,-,GO:0015288
DEG10050533,60,AAATCGCCTTGAACATACCA,6,56.0,46.30290207197791,HI1457,-,GO:0015288
DEG10050533,61,TAAATCGCCTTGAACATACC,6,56.0,46.30290207197791,HI1457,-,GO:0015288
DEG10050533,62,CTAAATCGCCTTGAACATAC,6,56.0,46.30290207197791,HI1457,-,GO:0015288
DEG10050533,63,CCTAAATCGCCTTGAACATA,6,56.0,46.30290207197791,HI1457,-,GO:0015288
DEG10050533,65,CACCTAAATCGCCTTGAACA,6,58.0,48.35290207197791,HI1457,-,GO:0015288
DEG10050533,66,GCACCTAAATCGCCTTGAAC,6,60.0,50.402902071977906,HI1457,-,GO:0015288
DEG10050533,67,AGCACCTAAATCGCCTTGAA,6,58.0,48.35290207197791,HI1457,-,GO:0015288
DEG10050533,68,AAGCACCTAAATCGCCTTGA,6,58.0,48.35290207197791,HI1457,-,GO:0015288
DEG10050533,72,TTTGAAGCACCTAAATCGCC,6,58.0,48.35290207197791,HI1457,-,GO:0015288
DEG10050533,73,TTTTGAAGCACCTAAATCGC,6,56.0,46.30290207197791,HI1457,-,GO:0015288
DEG10050536,16,TACACCATCTGTTCCAAAAT,6,54.0,44.2529020719779,mrsA-B/mrsA,GO:0005975,GO:0000287;GO:0008966
DEG10050536,17,GTACACCATCTGTTCCAAAA,6,56.0,46.30290207197791,mrsA-B/mrsA,GO:0005975,GO:0000287;GO:0008966
DEG10050536,23,TTCCACGTACACCATCTGTT,6,58.0,48.35290207197791,mrsA-B/mrsA,GO:0005975,GO:0000287;GO:0008966
DEG10050536,24,TTTCCACGTACACCATCTGT,6,58.0,48.35290207197791,mrsA-B/mrsA,GO:0005975,GO:0000287;GO:0008966
DEG10050536,25,TTTTCCACGTACACCATCTG,6,58.0,48.35290207197791,mrsA-B/mrsA,GO:0005975,GO:0000287;GO:0008966
DEG10050536,26,CTTTTCCACGTACACCATCT,4,58.0,48.35290207197791,mrsA-B/mrsA,GO:0005975,GO:0000287;GO:0008966
DEG10050536,30,CCTACTTTTCCACGTACACC,6,60.0,50.402902071977906,mrsA-B/mrsA,GO:0005975,GO:0000287;GO:0008966
DEG10050536,35,AAGCACCTACTTTTCCACGT,6,58.0,48.35290207197791,mrsA-B/mrsA,GO:0005975,GO:0000287;GO:0008966
DEG10050536,36,TAAGCACCTACTTTTCCACG,4,58.0,48.35290207197791,mrsA-B/mrsA,GO:0005975,GO:0000287;GO:0008966
DEG10050536,38,GGTAAGCACCTACTTTTCCA,6,58.0,48.35290207197791,mrsA-B/mrsA,GO:0005975,GO:0000287;GO:0008966
DEG10050536,50,CTGGTGTAATTGGGTAAGCA,6,58.0,48.35290207197791,mrsA-B/mrsA,GO:0005975,GO:0000287;GO:0008966
DEG10050536,53,AATCTGGTGTAATTGGGTAA,6,54.0,44.2529020719779,mrsA-B/mrsA,GO:0005975,GO:0000287;GO:0008966
DEG10050536,54,AAATCTGGTGTAATTGGGTA,6,54.0,44.2529020719779,mrsA-B/mrsA,GO:0005975,GO:0000287;GO:0008966
DEG10050539,9,CCTGCGCTAAAAACAGTAAT,6,56.0,46.30290207197791,HI1469,-,-
DEG10050539,10,ACCTGCGCTAAAAACAGTAA,6,56.0,46.30290207197791,HI1469,-,-
DEG10050539,14,AACTACCTGCGCTAAAAACA,6,56.0,46.30290207197791,HI1469,-,-
DEG10050539,15,AAACTACCTGCGCTAAAAAC,6,56.0,46.30290207197791,HI1469,-,-
DEG10050539,16,AAAACTACCTGCGCTAAAAA,6,54.0,44.2529020719779,HI1469,-,-
DEG10050539,17,AAAAACTACCTGCGCTAAAA,6,54.0,44.2529020719779,HI1469,-,-
DEG10050539,18,CAAAAACTACCTGCGCTAAA,6,56.0,46.30290207197791,HI1469,-,-
DEG10050539,19,ACAAAAACTACCTGCGCTAA,6,56.0,46.30290207197791,HI1469,-,-
DEG10050539,20,AACAAAAACTACCTGCGCTA,6,56.0,46.30290207197791,HI1469,-,-
DEG10050539,21,TAACAAAAACTACCTGCGCT,6,56.0,46.30290207197791,HI1469,-,-
DEG10050539,22,ATAACAAAAACTACCTGCGC,6,56.0,46.30290207197791,HI1469,-,-
DEG10050539,23,CATAACAAAAACTACCTGCG,6,56.0,46.30290207197791,HI1469,-,-
DEG10050539,24,GCATAACAAAAACTACCTGC,6,56.0,46.30290207197791,HI1469,-,-
DEG10050539,25,AGCATAACAAAAACTACCTG,6,54.0,44.2529020719779,HI1469,-,-
DEG10050539,26,GAGCATAACAAAAACTACCT,4,54.0,44.2529020719779,HI1469,-,-
DEG10050539,27,AGAGCATAACAAAAACTACC,4,54.0,44.2529020719779,HI1469,-,-
DEG10050539,28,CAGAGCATAACAAAAACTAC,6,54.0,44.2529020719779,HI1469,-,-
DEG10050539,29,GCAGAGCATAACAAAAACTA,6,54.0,44.2529020719779,HI1469,-,-
DEG10050539,30,TGCAGAGCATAACAAAAACT,6,54.0,44.2529020719779,HI1469,-,-
DEG10050539,31,TTGCAGAGCATAACAAAAAC,4,54.0,44.2529020719779,HI1469,-,-
DEG10050539,32,CTTGCAGAGCATAACAAAAA,6,54.0,44.2529020719779,HI1469,-,-
DEG10050539,41,CAGATAATTCTTGCAGAGCA,6,56.0,46.30290207197791,HI1469,-,-
DEG10050539,42,TCAGATAATTCTTGCAGAGC,6,56.0,46.30290207197791,HI1469,-,-
DEG10050539,87,CCACAAAATGCTTTAATCTC,6,54.0,44.2529020719779,HI1469,-,-
DEG10050539,91,TGGACCACAAAATGCTTTAA,6,54.0,44.2529020719779,HI1469,-,-
DEG10050539,93,GCTGGACCACAAAATGCTTT,6,58.0,48.35290207197791,HI1469,-,-
DEG10050539,94,GGCTGGACCACAAAATGCTT,6,60.0,50.402902071977906,HI1469,-,-
DEG10050539,95,CGGCTGGACCACAAAATGCT,6,62.0,52.4529020719779,HI1469,-,-
DEG10050539,96,CCGGCTGGACCACAAAATGC,6,64.0,54.5029020719779,HI1469,-,-
DEG10050539,97,TCCGGCTGGACCACAAAATG,6,62.0,52.4529020719779,HI1469,-,-
DEG10050539,98,TTCCGGCTGGACCACAAAAT,6,60.0,50.402902071977906,HI1469,-,-
DEG10050540,51,AGTTGCTGAAACAGGAAGTT,6,56.0,46.30290207197791,HI1470,GO:0006810,GO:0005524;GO:0016887
DEG10050543,0,TCTTGATTTTGGTACTGCAT,6,54.0,44.2529020719779,HI1476,GO:0006355;GO:0006351,GO:0043565
DEG10050543,1,GTCTTGATTTTGGTACTGCA,6,56.0,46.30290207197791,HI1476,GO:0006355;GO:0006351,GO:0043565
DEG10050543,2,TGTCTTGATTTTGGTACTGC,4,56.0,46.30290207197791,HI1476,GO:0006355;GO:0006351,GO:0043565
DEG10050543,3,TTGTCTTGATTTTGGTACTG,6,54.0,44.2529020719779,HI1476,GO:0006355;GO:0006351,GO:0043565
DEG10050545,1,CAGTAAATCAGTTTCAGACA,6,54.0,44.2529020719779,HI1480,-,-
DEG10050545,37,GGAGTAGAGCTTAACAGGTT,6,58.0,48.35290207197791,HI1480,-,-
DEG10050546,64,TAATTTGTACCAAGTGTCGA,6,54.0,44.2529020719779,HI1487,-,-
DEG10050546,65,TTAATTTGTACCAAGTGTCG,4,54.0,44.2529020719779,HI1487,-,-
DEG10050546,76,TCGTTCAGCTCTTAATTTGT,6,54.0,44.2529020719779,HI1487,-,-
DEG10050546,82,TTTATCTCGTTCAGCTCTTA,6,54.0,44.2529020719779,HI1487,-,-
DEG10050546,83,TTTTATCTCGTTCAGCTCTT,6,54.0,44.2529020719779,HI1487,-,-
DEG10050546,84,TTTTTATCTCGTTCAGCTCT,6,54.0,44.2529020719779,HI1487,-,-
DEG10050546,85,CTTTTTATCTCGTTCAGCTC,6,56.0,46.30290207197791,HI1487,-,-
DEG10050546,86,GCTTTTTATCTCGTTCAGCT,6,56.0,46.30290207197791,HI1487,-,-
DEG10050546,87,AGCTTTTTATCTCGTTCAGC,6,56.0,46.30290207197791,HI1487,-,-
DEG10050546,88,TAGCTTTTTATCTCGTTCAG,6,54.0,44.2529020719779,HI1487,-,-
DEG10050546,90,GTTAGCTTTTTATCTCGTTC,6,54.0,44.2529020719779,HI1487,-,-
DEG10050546,91,GGTTAGCTTTTTATCTCGTT,6,54.0,44.2529020719779,HI1487,-,-
DEG10050546,92,TGGTTAGCTTTTTATCTCGT,6,54.0,44.2529020719779,HI1487,-,-
DEG10050546,93,TTGGTTAGCTTTTTATCTCG,6,54.0,44.2529020719779,HI1487,-,-
DEG10050546,94,GTTGGTTAGCTTTTTATCTC,6,54.0,44.2529020719779,HI1487,-,-
DEG10050553,5,CAGCATGTTGGACGCTAAAG,6,60.0,50.402902071977906,HI1534,-,-
DEG10050553,6,TCAGCATGTTGGACGCTAAA,6,58.0,48.35290207197791,HI1534,-,-
DEG10050553,15,AAGTGAATCTCAGCATGTTG,6,56.0,46.30290207197791,HI1534,-,-
DEG10050553,16,GAAGTGAATCTCAGCATGTT,6,56.0,46.30290207197791,HI1534,-,-
DEG10050553,17,TGAAGTGAATCTCAGCATGT,6,56.0,46.30290207197791,HI1534,-,-
DEG10050553,18,TTGAAGTGAATCTCAGCATG,6,56.0,46.30290207197791,HI1534,-,-
DEG10050553,29,TATGGTTTTGGTTGAAGTGA,6,54.0,44.2529020719779,HI1534,-,-
DEG10050553,30,ATATGGTTTTGGTTGAAGTG,4,54.0,44.2529020719779,HI1534,-,-
DEG10050563,5,GTGCCAGCCATTCTTTATAA,6,56.0,46.30290207197791,hemK,GO:0018364,GO:0003676;GO:0036009
DEG10050563,6,TGTGCCAGCCATTCTTTATA,6,56.0,46.30290207197791,hemK,GO:0018364,GO:0003676;GO:0036009
DEG10050563,7,TTGTGCCAGCCATTCTTTAT,4,56.0,46.30290207197791,hemK,GO:0018364,GO:0003676;GO:0036009
DEG10050563,8,CTTGTGCCAGCCATTCTTTA,6,58.0,48.35290207197791,hemK,GO:0018364,GO:0003676;GO:0036009
DEG10050563,9,GCTTGTGCCAGCCATTCTTT,4,60.0,50.402902071977906,hemK,GO:0018364,GO:0003676;GO:0036009
DEG10050563,10,CGCTTGTGCCAGCCATTCTT,6,62.0,52.4529020719779,hemK,GO:0018364,GO:0003676;GO:0036009
DEG10050563,11,TCGCTTGTGCCAGCCATTCT,6,62.0,52.4529020719779,hemK,GO:0018364,GO:0003676;GO:0036009
DEG10050563,12,ATCGCTTGTGCCAGCCATTC,6,62.0,52.4529020719779,hemK,GO:0018364,GO:0003676;GO:0036009
DEG10050563,24,GCTAAATCCGCAATCGCTTG,6,60.0,50.402902071977906,hemK,GO:0018364,GO:0003676;GO:0036009
DEG10050563,25,TGCTAAATCCGCAATCGCTT,6,58.0,48.35290207197791,hemK,GO:0018364,GO:0003676;GO:0036009
DEG10050563,28,TTTTGCTAAATCCGCAATCG,6,56.0,46.30290207197791,hemK,GO:0018364,GO:0003676;GO:0036009
DEG10050567,2,AAAAAACGGTGGAAAAATCC,4,54.0,44.2529020719779,dnaB,GO:0006269,GO:0005524;GO:0003677;GO:0003678
DEG10050567,8,GGAAATAAAAAACGGTGGAA,4,54.0,44.2529020719779,dnaB,GO:0006269,GO:0005524;GO:0003677;GO:0003678
DEG10050567,9,AGGAAATAAAAAACGGTGGA,4,54.0,44.2529020719779,dnaB,GO:0006269,GO:0005524;GO:0003677;GO:0003678
DEG10050567,10,AAGGAAATAAAAAACGGTGG,2,54.0,44.2529020719779,dnaB,GO:0006269,GO:0005524;GO:0003677;GO:0003678
DEG10050601,23,TCCCTTTCCCAGCACCACTA,6,62.0,52.4529020719779,cmkB/cmk,GO:0006220,GO:0005524;GO:0004127
DEG10050601,61,TGCATAGCCCAACTTTTCAG,6,58.0,48.35290207197791,cmkB/cmk,GO:0006220,GO:0005524;GO:0004127
DEG10050602,0,TTACGTAATATGCCATCCAT,6,54.0,44.2529020719779,HI1651,GO:0000160,GO:0004871
DEG10050602,35,GCAGGCAATGGTGTAAATCC,6,60.0,50.402902071977906,HI1651,GO:0000160,GO:0004871
DEG10050602,36,TGCAGGCAATGGTGTAAATC,4,58.0,48.35290207197791,HI1651,GO:0000160,GO:0004871
DEG10050602,39,TTCTGCAGGCAATGGTGTAA,6,58.0,48.35290207197791,HI1651,GO:0000160,GO:0004871
DEG10050602,41,ATTTCTGCAGGCAATGGTGT,6,58.0,48.35290207197791,HI1651,GO:0000160,GO:0004871
DEG10050602,49,CACAAAAAATTTCTGCAGGC,6,56.0,46.30290207197791,HI1651,GO:0000160,GO:0004871
DEG10050602,65,TAGATTCTCTTTCATCCACA,6,54.0,44.2529020719779,HI1651,GO:0000160,GO:0004871
DEG10050609,6,AAATGAAGATGGCTGTCAAA,6,54.0,44.2529020719779,HI1664,-,GO:0016888;GO:0046872
DEG10050609,7,TAAATGAAGATGGCTGTCAA,6,54.0,44.2529020719779,HI1664,-,GO:0016888;GO:0046872
DEG10050609,8,CTAAATGAAGATGGCTGTCA,6,56.0,46.30290207197791,HI1664,-,GO:0016888;GO:0046872
DEG10050609,9,TCTAAATGAAGATGGCTGTC,6,56.0,46.30290207197791,HI1664,-,GO:0016888;GO:0046872
DEG10050609,10,GTCTAAATGAAGATGGCTGT,6,56.0,46.30290207197791,HI1664,-,GO:0016888;GO:0046872
DEG10050609,11,GGTCTAAATGAAGATGGCTG,6,58.0,48.35290207197791,HI1664,-,GO:0016888;GO:0046872
DEG10050609,12,TGGTCTAAATGAAGATGGCT,6,56.0,46.30290207197791,HI1664,-,GO:0016888;GO:0046872
DEG10050609,26,TCTCGTCAGAGAGTTGGTCT,6,60.0,50.402902071977906,HI1664,-,GO:0016888;GO:0046872
DEG10050609,27,TTCTCGTCAGAGAGTTGGTC,6,60.0,50.402902071977906,HI1664,-,GO:0016888;GO:0046872
DEG10050609,28,ATTCTCGTCAGAGAGTTGGT,6,58.0,48.35290207197791,HI1664,-,GO:0016888;GO:0046872
DEG10050609,29,TATTCTCGTCAGAGAGTTGG,6,58.0,48.35290207197791,HI1664,-,GO:0016888;GO:0046872
DEG10050613,64,CCAGATGGATTTTTGTTGAT,6,54.0,44.2529020719779,HI1688,GO:0022900,-
DEG10050613,68,CTTTCCAGATGGATTTTTGT,6,54.0,44.2529020719779,HI1688,GO:0022900,-
DEG10050613,69,TCTTTCCAGATGGATTTTTG,6,54.0,44.2529020719779,HI1688,GO:0022900,-
DEG10050613,96,TTTTTCCAAATTCCTTGAGC,6,54.0,44.2529020719779,HI1688,GO:0022900,-
DEG10050622,2,GAAGTTTTCCGAGTTCTAAC,6,56.0,46.30290207197791,HI1701,-,-
DEG10050622,7,GGTAAGAAGTTTTCCGAGTT,6,56.0,46.30290207197791,HI1701,-,-
DEG10050628,12,GTTAAATCACTTTCTTCCCT,6,54.0,44.2529020719779,HI1718,-,-
DEG10050628,64,AGCTGTTCCACTAGCTGTTA,6,58.0,48.35290207197791,HI1718,-,-
DEG10050628,70,ATTTTGAGCTGTTCCACTAG,6,56.0,46.30290207197791,HI1718,-,-
DEG10050628,75,TCATTATTTTGAGCTGTTCC,6,54.0,44.2529020719779,HI1718,-,-
DEG10050628,76,GTCATTATTTTGAGCTGTTC,6,54.0,44.2529020719779,HI1718,-,-
DEG10050628,77,CGTCATTATTTTGAGCTGTT,6,54.0,44.2529020719779,HI1718,-,-
DEG10050628,78,GCGTCATTATTTTGAGCTGT,6,56.0,46.30290207197791,HI1718,-,-
DEG10050632,41,AAGTGCGGTTATTTTTTGGC,6,56.0,46.30290207197791,mrcB/ponB,GO:0071555;GO:0009252;GO:0008360;GO:0046677,GO:0008658;GO:0008233;GO:0008955;GO:0016763
DEG10050632,42,AAAGTGCGGTTATTTTTTGG,4,54.0,44.2529020719779,mrcB/ponB,GO:0071555;GO:0009252;GO:0008360;GO:0046677,GO:0008658;GO:0008233;GO:0008955;GO:0016763
DEG10050633,0,ATGGGGAGTTGTTGTGTCAT,6,58.0,48.35290207197791,purC/hemH,GO:0006189,GO:0005524;GO:0004639
DEG10050633,1,AATGGGGAGTTGTTGTGTCA,4,58.0,48.35290207197791,purC/hemH,GO:0006189,GO:0005524;GO:0004639
DEG10050633,2,AAATGGGGAGTTGTTGTGTC,4,58.0,48.35290207197791,purC/hemH,GO:0006189,GO:0005524;GO:0004639
DEG10050633,3,AAAATGGGGAGTTGTTGTGT,6,56.0,46.30290207197791,purC/hemH,GO:0006189,GO:0005524;GO:0004639
DEG10050633,4,TAAAATGGGGAGTTGTTGTG,6,56.0,46.30290207197791,purC/hemH,GO:0006189,GO:0005524;GO:0004639
DEG10050634,3,CGTCTGTGAGTAATTGATGC,6,58.0,48.35290207197791,HI1728,-,GO:0005215
DEG10050634,7,ATTTCGTCTGTGAGTAATTG,6,54.0,44.2529020719779,HI1728,-,GO:0005215
DEG10050640,9,GAGTGTTGATTTTGTTGAGA,6,54.0,44.2529020719779,HI1738,GO:0006810,-
DEG10050640,10,AGAGTGTTGATTTTGTTGAG,4,54.0,44.2529020719779,HI1738,GO:0006810,-
DEG10050640,14,GGTTAGAGTGTTGATTTTGT,6,54.0,44.2529020719779,HI1738,GO:0006810,-
DEG10050640,15,GGGTTAGAGTGTTGATTTTG,6,56.0,46.30290207197791,HI1738,GO:0006810,-
DEG10050640,16,TGGGTTAGAGTGTTGATTTT,6,54.0,44.2529020719779,HI1738,GO:0006810,-
DEG10050640,17,TTGGGTTAGAGTGTTGATTT,4,54.0,44.2529020719779,HI1738,GO:0006810,-
DEG10050640,18,ATTGGGTTAGAGTGTTGATT,4,54.0,44.2529020719779,HI1738,GO:0006810,-
DEG10050640,19,AATTGGGTTAGAGTGTTGAT,4,54.0,44.2529020719779,HI1738,GO:0006810,-
DEG10050640,20,TAATTGGGTTAGAGTGTTGA,6,54.0,44.2529020719779,HI1738,GO:0006810,-
DEG10050640,21,GTAATTGGGTTAGAGTGTTG,6,56.0,46.30290207197791,HI1738,GO:0006810,-
